filepath,label,source_dataset,modality,split
dataset/kaggle/drawings/spiral/testing/healthy/V01HE01.png,healthy,kaggle,spiral,test
dataset/kaggle/drawings/spiral/testing/healthy/V02HE01.png,healthy,kaggle,spiral,test
dataset/kaggle/drawings/spiral/testing/healthy/V03HE1.png,healthy,kaggle,spiral,test
dataset/kaggle/drawings/spiral/testing/healthy/V04HE01.png,healthy,kaggle,spiral,test
dataset/kaggle/drawings/spiral/testing/healthy/V05HE01.png,healthy,kaggle,spiral,test
dataset/kaggle/drawings/spiral/testing/healthy/V06HE01.png,healthy,kaggle,spiral,test
dataset/kaggle/drawings/spiral/testing/healthy/V07HE01.png,healthy,kaggle,spiral,test
dataset/kaggle/drawings/spiral/testing/healthy/V08HE01.png,healthy,kaggle,spiral,test
dataset/kaggle/drawings/spiral/testing/healthy/V09HE01.png,healthy,kaggle,spiral,test
dataset/kaggle/drawings/spiral/testing/healthy/V10HE01.png,healthy,kaggle,spiral,test
dataset/kaggle/drawings/spiral/testing/healthy/V11HE01.png,healthy,kaggle,spiral,test
dataset/kaggle/drawings/spiral/testing/healthy/V55HE12.png,healthy,kaggle,spiral,test
dataset/kaggle/drawings/spiral/testing/healthy/V55HE13.png,healthy,kaggle,spiral,test
dataset/kaggle/drawings/spiral/testing/healthy/V55HE14.png,healthy,kaggle,spiral,test
dataset/kaggle/drawings/spiral/testing/healthy/V55HE15.png,healthy,kaggle,spiral,test
dataset/kaggle/drawings/spiral/testing/parkinson/V01PE01.png,parkinson,kaggle,spiral,test
dataset/kaggle/drawings/spiral/testing/parkinson/V02PE01.png,parkinson,kaggle,spiral,test
dataset/kaggle/drawings/spiral/testing/parkinson/V03PE01.png,parkinson,kaggle,spiral,test
dataset/kaggle/drawings/spiral/testing/parkinson/V03PE04.png,parkinson,kaggle,spiral,test
dataset/kaggle/drawings/spiral/testing/parkinson/V03PE07.png,parkinson,kaggle,spiral,test
dataset/kaggle/drawings/spiral/testing/parkinson/V04PE01.png,parkinson,kaggle,spiral,test
dataset/kaggle/drawings/spiral/testing/parkinson/V05PE01.png,parkinson,kaggle,spiral,test
dataset/kaggle/drawings/spiral/testing/parkinson/V06PE01.png,parkinson,kaggle,spiral,test
dataset/kaggle/drawings/spiral/testing/parkinson/V07PE01.png,parkinson,kaggle,spiral,test
dataset/kaggle/drawings/spiral/testing/parkinson/V08PE01.png,parkinson,kaggle,spiral,test
dataset/kaggle/drawings/spiral/testing/parkinson/V09PE01.png,parkinson,kaggle,spiral,test
dataset/kaggle/drawings/spiral/testing/parkinson/V10PE03.png,parkinson,kaggle,spiral,test
dataset/kaggle/drawings/spiral/testing/parkinson/V11PE03.png,parkinson,kaggle,spiral,test
dataset/kaggle/drawings/spiral/testing/parkinson/V14PE03.png,parkinson,kaggle,spiral,test
dataset/kaggle/drawings/spiral/testing/parkinson/V15PE01.png,parkinson,kaggle,spiral,test
dataset/kaggle/drawings/spiral/training/healthy/V01HE02.png,healthy,kaggle,spiral,train
dataset/kaggle/drawings/spiral/training/healthy/V01HE03.png,healthy,kaggle,spiral,train
dataset/kaggle/drawings/spiral/training/healthy/V02HE02.png,healthy,kaggle,spiral,train
dataset/kaggle/drawings/spiral/training/healthy/V02HE03.png,healthy,kaggle,spiral,train
dataset/kaggle/drawings/spiral/training/healthy/V03HE2.png,healthy,kaggle,spiral,train
dataset/kaggle/drawings/spiral/training/healthy/V03HE3.png,healthy,kaggle,spiral,train
dataset/kaggle/drawings/spiral/training/healthy/V04HE02.png,healthy,kaggle,spiral,train
dataset/kaggle/drawings/spiral/training/healthy/V04HE03.png,healthy,kaggle,spiral,train
dataset/kaggle/drawings/spiral/training/healthy/V05HE02.png,healthy,kaggle,spiral,train
dataset/kaggle/drawings/spiral/training/healthy/V05HE03.png,healthy,kaggle,spiral,train
dataset/kaggle/drawings/spiral/training/healthy/V06HE02.png,healthy,kaggle,spiral,train
dataset/kaggle/drawings/spiral/training/healthy/V06HE03.png,healthy,kaggle,spiral,train
dataset/kaggle/drawings/spiral/training/healthy/V07HE02.png,healthy,kaggle,spiral,train
dataset/kaggle/drawings/spiral/training/healthy/V07HE03.png,healthy,kaggle,spiral,train
dataset/kaggle/drawings/spiral/training/healthy/V08HE02.png,healthy,kaggle,spiral,train
dataset/kaggle/drawings/spiral/training/healthy/V08HE03.png,healthy,kaggle,spiral,train
dataset/kaggle/drawings/spiral/training/healthy/V09HE02.png,healthy,kaggle,spiral,train
dataset/kaggle/drawings/spiral/training/healthy/V09HE03.png,healthy,kaggle,spiral,train
dataset/kaggle/drawings/spiral/training/healthy/V10HE02.png,healthy,kaggle,spiral,train
dataset/kaggle/drawings/spiral/training/healthy/V10HE03.png,healthy,kaggle,spiral,train
dataset/kaggle/drawings/spiral/training/healthy/V11HE02.png,healthy,kaggle,spiral,train
dataset/kaggle/drawings/spiral/training/healthy/V11HE03.png,healthy,kaggle,spiral,train
dataset/kaggle/drawings/spiral/training/healthy/V12HE01.png,healthy,kaggle,spiral,train
dataset/kaggle/drawings/spiral/training/healthy/V12HE02.png,healthy,kaggle,spiral,train
dataset/kaggle/drawings/spiral/training/healthy/V12HE03.png,healthy,kaggle,spiral,train
dataset/kaggle/drawings/spiral/training/healthy/V55HE01.png,healthy,kaggle,spiral,train
dataset/kaggle/drawings/spiral/training/healthy/V55HE02.png,healthy,kaggle,spiral,train
dataset/kaggle/drawings/spiral/training/healthy/V55HE03.png,healthy,kaggle,spiral,train
dataset/kaggle/drawings/spiral/training/healthy/V55HE04.png,healthy,kaggle,spiral,train
dataset/kaggle/drawings/spiral/training/healthy/V55HE05.png,healthy,kaggle,spiral,train
dataset/kaggle/drawings/spiral/training/healthy/V55HE06.png,healthy,kaggle,spiral,train
dataset/kaggle/drawings/spiral/training/healthy/V55HE07.png,healthy,kaggle,spiral,train
dataset/kaggle/drawings/spiral/training/healthy/V55HE08.png,healthy,kaggle,spiral,train
dataset/kaggle/drawings/spiral/training/healthy/V55HE09.png,healthy,kaggle,spiral,train
dataset/kaggle/drawings/spiral/training/healthy/V55HE10.png,healthy,kaggle,spiral,train
dataset/kaggle/drawings/spiral/training/healthy/V55HE11.png,healthy,kaggle,spiral,train
dataset/kaggle/drawings/spiral/training/parkinson/V01PE02.png,parkinson,kaggle,spiral,train
dataset/kaggle/drawings/spiral/training/parkinson/V01PE03.png,parkinson,kaggle,spiral,train
dataset/kaggle/drawings/spiral/training/parkinson/V02PE02.png,parkinson,kaggle,spiral,train
dataset/kaggle/drawings/spiral/training/parkinson/V02PE03.png,parkinson,kaggle,spiral,train
dataset/kaggle/drawings/spiral/training/parkinson/V03PE02.png,parkinson,kaggle,spiral,train
dataset/kaggle/drawings/spiral/training/parkinson/V03PE03.png,parkinson,kaggle,spiral,train
dataset/kaggle/drawings/spiral/training/parkinson/V03PE05.png,parkinson,kaggle,spiral,train
dataset/kaggle/drawings/spiral/training/parkinson/V03PE06.png,parkinson,kaggle,spiral,train
dataset/kaggle/drawings/spiral/training/parkinson/V03PE08.png,parkinson,kaggle,spiral,train
dataset/kaggle/drawings/spiral/training/parkinson/V03PE09.png,parkinson,kaggle,spiral,train
dataset/kaggle/drawings/spiral/training/parkinson/V04PE02.png,parkinson,kaggle,spiral,train
dataset/kaggle/drawings/spiral/training/parkinson/V04PE03.png,parkinson,kaggle,spiral,train
dataset/kaggle/drawings/spiral/training/parkinson/V05PE02.png,parkinson,kaggle,spiral,train
dataset/kaggle/drawings/spiral/training/parkinson/V05PE03.png,parkinson,kaggle,spiral,train
dataset/kaggle/drawings/spiral/training/parkinson/V06PE02.png,parkinson,kaggle,spiral,train
dataset/kaggle/drawings/spiral/training/parkinson/V06PE03.png,parkinson,kaggle,spiral,train
dataset/kaggle/drawings/spiral/training/parkinson/V07PE02.png,parkinson,kaggle,spiral,train
dataset/kaggle/drawings/spiral/training/parkinson/V07PE03.png,parkinson,kaggle,spiral,train
dataset/kaggle/drawings/spiral/training/parkinson/V08PE02.png,parkinson,kaggle,spiral,train
dataset/kaggle/drawings/spiral/training/parkinson/V08PE03.png,parkinson,kaggle,spiral,train
dataset/kaggle/drawings/spiral/training/parkinson/V09PE02.png,parkinson,kaggle,spiral,train
dataset/kaggle/drawings/spiral/training/parkinson/V09PE03.png,parkinson,kaggle,spiral,train
dataset/kaggle/drawings/spiral/training/parkinson/V10PE01.png,parkinson,kaggle,spiral,train
dataset/kaggle/drawings/spiral/training/parkinson/V10PE02.png,parkinson,kaggle,spiral,train
dataset/kaggle/drawings/spiral/training/parkinson/V11PE01.png,parkinson,kaggle,spiral,train
dataset/kaggle/drawings/spiral/training/parkinson/V11PE02.png,parkinson,kaggle,spiral,train
dataset/kaggle/drawings/spiral/training/parkinson/V12PE01.png,parkinson,kaggle,spiral,train
dataset/kaggle/drawings/spiral/training/parkinson/V12PE02.png,parkinson,kaggle,spiral,train
dataset/kaggle/drawings/spiral/training/parkinson/V12PE03.png,parkinson,kaggle,spiral,train
dataset/kaggle/drawings/spiral/training/parkinson/V13PE01.png,parkinson,kaggle,spiral,train
dataset/kaggle/drawings/spiral/training/parkinson/V13PE02.png,parkinson,kaggle,spiral,train
dataset/kaggle/drawings/spiral/training/parkinson/V13PE03.png,parkinson,kaggle,spiral,train
dataset/kaggle/drawings/spiral/training/parkinson/V14PE01.png,parkinson,kaggle,spiral,train
dataset/kaggle/drawings/spiral/training/parkinson/V14PE02.png,parkinson,kaggle,spiral,train
dataset/kaggle/drawings/spiral/training/parkinson/V15PE02.png,parkinson,kaggle,spiral,train
dataset/kaggle/drawings/spiral/training/parkinson/V15PE03.png,parkinson,kaggle,spiral,train
dataset/kaggle/drawings/wave/testing/healthy/V01HO01.png,healthy,kaggle,wave,test
dataset/kaggle/drawings/wave/testing/healthy/V02HO01.png,healthy,kaggle,wave,test
dataset/kaggle/drawings/wave/testing/healthy/V03HO01.png,healthy,kaggle,wave,test
dataset/kaggle/drawings/wave/testing/healthy/V04HO01.png,healthy,kaggle,wave,test
dataset/kaggle/drawings/wave/testing/healthy/V05HO01.png,healthy,kaggle,wave,test
dataset/kaggle/drawings/wave/testing/healthy/V06HO01.png,healthy,kaggle,wave,test
dataset/kaggle/drawings/wave/testing/healthy/V07HO01.png,healthy,kaggle,wave,test
dataset/kaggle/drawings/wave/testing/healthy/V08HO01.png,healthy,kaggle,wave,test
dataset/kaggle/drawings/wave/testing/healthy/V09HO01.png,healthy,kaggle,wave,test
dataset/kaggle/drawings/wave/testing/healthy/V10HO01.png,healthy,kaggle,wave,test
dataset/kaggle/drawings/wave/testing/healthy/V11HO01.png,healthy,kaggle,wave,test
dataset/kaggle/drawings/wave/testing/healthy/V55HO08.png,healthy,kaggle,wave,test
dataset/kaggle/drawings/wave/testing/healthy/V55HO09.png,healthy,kaggle,wave,test
dataset/kaggle/drawings/wave/testing/healthy/V55HO10.png,healthy,kaggle,wave,test
dataset/kaggle/drawings/wave/testing/healthy/V55HO11.png,healthy,kaggle,wave,test
dataset/kaggle/drawings/wave/testing/parkinson/V01PO01.png,parkinson,kaggle,wave,test
dataset/kaggle/drawings/wave/testing/parkinson/V02PO01.png,parkinson,kaggle,wave,test
dataset/kaggle/drawings/wave/testing/parkinson/V03PO01.png,parkinson,kaggle,wave,test
dataset/kaggle/drawings/wave/testing/parkinson/V03PO04.png,parkinson,kaggle,wave,test
dataset/kaggle/drawings/wave/testing/parkinson/V03PO07.png,parkinson,kaggle,wave,test
dataset/kaggle/drawings/wave/testing/parkinson/V04PO01.png,parkinson,kaggle,wave,test
dataset/kaggle/drawings/wave/testing/parkinson/V05PO01.png,parkinson,kaggle,wave,test
dataset/kaggle/drawings/wave/testing/parkinson/V06PO01.png,parkinson,kaggle,wave,test
dataset/kaggle/drawings/wave/testing/parkinson/V07PO01.png,parkinson,kaggle,wave,test
dataset/kaggle/drawings/wave/testing/parkinson/V08PO01.png,parkinson,kaggle,wave,test
dataset/kaggle/drawings/wave/testing/parkinson/V09PO01.png,parkinson,kaggle,wave,test
dataset/kaggle/drawings/wave/testing/parkinson/V10PO01.png,parkinson,kaggle,wave,test
dataset/kaggle/drawings/wave/testing/parkinson/V11PO01.png,parkinson,kaggle,wave,test
dataset/kaggle/drawings/wave/testing/parkinson/V14PO01.png,parkinson,kaggle,wave,test
dataset/kaggle/drawings/wave/testing/parkinson/V14PO03.png,parkinson,kaggle,wave,test
dataset/kaggle/drawings/wave/training/healthy/V01HO02.png,healthy,kaggle,wave,train
dataset/kaggle/drawings/wave/training/healthy/V01HO03.png,healthy,kaggle,wave,train
dataset/kaggle/drawings/wave/training/healthy/V02HO02.png,healthy,kaggle,wave,train
dataset/kaggle/drawings/wave/training/healthy/V02HO03.png,healthy,kaggle,wave,train
dataset/kaggle/drawings/wave/training/healthy/V03HO02.png,healthy,kaggle,wave,train
dataset/kaggle/drawings/wave/training/healthy/V03HO03.png,healthy,kaggle,wave,train
dataset/kaggle/drawings/wave/training/healthy/V04HO02.png,healthy,kaggle,wave,train
dataset/kaggle/drawings/wave/training/healthy/V04HO03.png,healthy,kaggle,wave,train
dataset/kaggle/drawings/wave/training/healthy/V05HO02.png,healthy,kaggle,wave,train
dataset/kaggle/drawings/wave/training/healthy/V05HO03.png,healthy,kaggle,wave,train
dataset/kaggle/drawings/wave/training/healthy/V06HO02.png,healthy,kaggle,wave,train
dataset/kaggle/drawings/wave/training/healthy/V06HO03.png,healthy,kaggle,wave,train
dataset/kaggle/drawings/wave/training/healthy/V07HO02.png,healthy,kaggle,wave,train
dataset/kaggle/drawings/wave/training/healthy/V07HO03.png,healthy,kaggle,wave,train
dataset/kaggle/drawings/wave/training/healthy/V08HO02.png,healthy,kaggle,wave,train
dataset/kaggle/drawings/wave/training/healthy/V08HO03.png,healthy,kaggle,wave,train
dataset/kaggle/drawings/wave/training/healthy/V09HO02.png,healthy,kaggle,wave,train
dataset/kaggle/drawings/wave/training/healthy/V09HO03.png,healthy,kaggle,wave,train
dataset/kaggle/drawings/wave/training/healthy/V10HO02.png,healthy,kaggle,wave,train
dataset/kaggle/drawings/wave/training/healthy/V10HO03.png,healthy,kaggle,wave,train
dataset/kaggle/drawings/wave/training/healthy/V11HO02.png,healthy,kaggle,wave,train
dataset/kaggle/drawings/wave/training/healthy/V11HO03.png,healthy,kaggle,wave,train
dataset/kaggle/drawings/wave/training/healthy/V12HO01.png,healthy,kaggle,wave,train
dataset/kaggle/drawings/wave/training/healthy/V12HO02.png,healthy,kaggle,wave,train
dataset/kaggle/drawings/wave/training/healthy/V12HO03.png,healthy,kaggle,wave,train
dataset/kaggle/drawings/wave/training/healthy/V55HO01.png,healthy,kaggle,wave,train
dataset/kaggle/drawings/wave/training/healthy/V55HO02.png,healthy,kaggle,wave,train
dataset/kaggle/drawings/wave/training/healthy/V55HO03.png,healthy,kaggle,wave,train
dataset/kaggle/drawings/wave/training/healthy/V55HO04.png,healthy,kaggle,wave,train
dataset/kaggle/drawings/wave/training/healthy/V55HO05.png,healthy,kaggle,wave,train
dataset/kaggle/drawings/wave/training/healthy/V55HO06.png,healthy,kaggle,wave,train
dataset/kaggle/drawings/wave/training/healthy/V55HO07.png,healthy,kaggle,wave,train
dataset/kaggle/drawings/wave/training/healthy/V55HO12.png,healthy,kaggle,wave,train
dataset/kaggle/drawings/wave/training/healthy/V55HO13.png,healthy,kaggle,wave,train
dataset/kaggle/drawings/wave/training/healthy/V55HO14.png,healthy,kaggle,wave,train
dataset/kaggle/drawings/wave/training/healthy/V55HO15.png,healthy,kaggle,wave,train
dataset/kaggle/drawings/wave/training/parkinson/V01PO02.png,parkinson,kaggle,wave,train
dataset/kaggle/drawings/wave/training/parkinson/V01PO03.png,parkinson,kaggle,wave,train
dataset/kaggle/drawings/wave/training/parkinson/V02PO02.png,parkinson,kaggle,wave,train
dataset/kaggle/drawings/wave/training/parkinson/V02PO03.png,parkinson,kaggle,wave,train
dataset/kaggle/drawings/wave/training/parkinson/V03PO02.png,parkinson,kaggle,wave,train
dataset/kaggle/drawings/wave/training/parkinson/V03PO03.png,parkinson,kaggle,wave,train
dataset/kaggle/drawings/wave/training/parkinson/V03PO05.png,parkinson,kaggle,wave,train
dataset/kaggle/drawings/wave/training/parkinson/V03PO06.png,parkinson,kaggle,wave,train
dataset/kaggle/drawings/wave/training/parkinson/V03PO08.png,parkinson,kaggle,wave,train
dataset/kaggle/drawings/wave/training/parkinson/V03PO09.png,parkinson,kaggle,wave,train
dataset/kaggle/drawings/wave/training/parkinson/V04PO02.png,parkinson,kaggle,wave,train
dataset/kaggle/drawings/wave/training/parkinson/V04PO03.png,parkinson,kaggle,wave,train
dataset/kaggle/drawings/wave/training/parkinson/V05PO02.png,parkinson,kaggle,wave,train
dataset/kaggle/drawings/wave/training/parkinson/V05PO03.png,parkinson,kaggle,wave,train
dataset/kaggle/drawings/wave/training/parkinson/V06PO02.png,parkinson,kaggle,wave,train
dataset/kaggle/drawings/wave/training/parkinson/V06PO03.png,parkinson,kaggle,wave,train
dataset/kaggle/drawings/wave/training/parkinson/V07PO02.png,parkinson,kaggle,wave,train
dataset/kaggle/drawings/wave/training/parkinson/V07PO03.png,parkinson,kaggle,wave,train
dataset/kaggle/drawings/wave/training/parkinson/V08PO02.png,parkinson,kaggle,wave,train
dataset/kaggle/drawings/wave/training/parkinson/V08PO03.png,parkinson,kaggle,wave,train
dataset/kaggle/drawings/wave/training/parkinson/V09PO02.png,parkinson,kaggle,wave,train
dataset/kaggle/drawings/wave/training/parkinson/V09PO03.png,parkinson,kaggle,wave,train
dataset/kaggle/drawings/wave/training/parkinson/V10PO02.png,parkinson,kaggle,wave,train
dataset/kaggle/drawings/wave/training/parkinson/V10PO03.png,parkinson,kaggle,wave,train
dataset/kaggle/drawings/wave/training/parkinson/V11PO02.png,parkinson,kaggle,wave,train
dataset/kaggle/drawings/wave/training/parkinson/V11PO03.png,parkinson,kaggle,wave,train
dataset/kaggle/drawings/wave/training/parkinson/V12PO01.png,parkinson,kaggle,wave,train
dataset/kaggle/drawings/wave/training/parkinson/V12PO02.png,parkinson,kaggle,wave,train
dataset/kaggle/drawings/wave/training/parkinson/V12PO03.png,parkinson,kaggle,wave,train
dataset/kaggle/drawings/wave/training/parkinson/V13PO01.png,parkinson,kaggle,wave,train
dataset/kaggle/drawings/wave/training/parkinson/V13PO02.png,parkinson,kaggle,wave,train
dataset/kaggle/drawings/wave/training/parkinson/V13PO03.png,parkinson,kaggle,wave,train
dataset/kaggle/drawings/wave/training/parkinson/V14PO02.png,parkinson,kaggle,wave,train
dataset/kaggle/drawings/wave/training/parkinson/V15PO01.png,parkinson,kaggle,wave,train
dataset/kaggle/drawings/wave/training/parkinson/V15PO02.png,parkinson,kaggle,wave,train
dataset/kaggle/drawings/wave/training/parkinson/V15PO03.png,parkinson,kaggle,wave,train
dataset/kaggle/spiral/testing/healthy/V01HE01.png,healthy,kaggle,spiral,test
dataset/kaggle/spiral/testing/healthy/V02HE01.png,healthy,kaggle,spiral,test
dataset/kaggle/spiral/testing/healthy/V03HE1.png,healthy,kaggle,spiral,test
dataset/kaggle/spiral/testing/healthy/V04HE01.png,healthy,kaggle,spiral,test
dataset/kaggle/spiral/testing/healthy/V05HE01.png,healthy,kaggle,spiral,test
dataset/kaggle/spiral/testing/healthy/V06HE01.png,healthy,kaggle,spiral,test
dataset/kaggle/spiral/testing/healthy/V07HE01.png,healthy,kaggle,spiral,test
dataset/kaggle/spiral/testing/healthy/V08HE01.png,healthy,kaggle,spiral,test
dataset/kaggle/spiral/testing/healthy/V09HE01.png,healthy,kaggle,spiral,test
dataset/kaggle/spiral/testing/healthy/V10HE01.png,healthy,kaggle,spiral,test
dataset/kaggle/spiral/testing/healthy/V11HE01.png,healthy,kaggle,spiral,test
dataset/kaggle/spiral/testing/healthy/V55HE12.png,healthy,kaggle,spiral,test
dataset/kaggle/spiral/testing/healthy/V55HE13.png,healthy,kaggle,spiral,test
dataset/kaggle/spiral/testing/healthy/V55HE14.png,healthy,kaggle,spiral,test
dataset/kaggle/spiral/testing/healthy/V55HE15.png,healthy,kaggle,spiral,test
dataset/kaggle/spiral/testing/parkinson/V01PE01.png,parkinson,kaggle,spiral,test
dataset/kaggle/spiral/testing/parkinson/V02PE01.png,parkinson,kaggle,spiral,test
dataset/kaggle/spiral/testing/parkinson/V03PE01.png,parkinson,kaggle,spiral,test
dataset/kaggle/spiral/testing/parkinson/V03PE04.png,parkinson,kaggle,spiral,test
dataset/kaggle/spiral/testing/parkinson/V03PE07.png,parkinson,kaggle,spiral,test
dataset/kaggle/spiral/testing/parkinson/V04PE01.png,parkinson,kaggle,spiral,test
dataset/kaggle/spiral/testing/parkinson/V05PE01.png,parkinson,kaggle,spiral,test
dataset/kaggle/spiral/testing/parkinson/V06PE01.png,parkinson,kaggle,spiral,test
dataset/kaggle/spiral/testing/parkinson/V07PE01.png,parkinson,kaggle,spiral,test
dataset/kaggle/spiral/testing/parkinson/V08PE01.png,parkinson,kaggle,spiral,test
dataset/kaggle/spiral/testing/parkinson/V09PE01.png,parkinson,kaggle,spiral,test
dataset/kaggle/spiral/testing/parkinson/V10PE03.png,parkinson,kaggle,spiral,test
dataset/kaggle/spiral/testing/parkinson/V11PE03.png,parkinson,kaggle,spiral,test
dataset/kaggle/spiral/testing/parkinson/V14PE03.png,parkinson,kaggle,spiral,test
dataset/kaggle/spiral/testing/parkinson/V15PE01.png,parkinson,kaggle,spiral,test
dataset/kaggle/spiral/training/healthy/V01HE02.png,healthy,kaggle,spiral,train
dataset/kaggle/spiral/training/healthy/V01HE03.png,healthy,kaggle,spiral,train
dataset/kaggle/spiral/training/healthy/V02HE02.png,healthy,kaggle,spiral,train
dataset/kaggle/spiral/training/healthy/V02HE03.png,healthy,kaggle,spiral,train
dataset/kaggle/spiral/training/healthy/V03HE2.png,healthy,kaggle,spiral,train
dataset/kaggle/spiral/training/healthy/V03HE3.png,healthy,kaggle,spiral,train
dataset/kaggle/spiral/training/healthy/V04HE02.png,healthy,kaggle,spiral,train
dataset/kaggle/spiral/training/healthy/V04HE03.png,healthy,kaggle,spiral,train
dataset/kaggle/spiral/training/healthy/V05HE02.png,healthy,kaggle,spiral,train
dataset/kaggle/spiral/training/healthy/V05HE03.png,healthy,kaggle,spiral,train
dataset/kaggle/spiral/training/healthy/V06HE02.png,healthy,kaggle,spiral,train
dataset/kaggle/spiral/training/healthy/V06HE03.png,healthy,kaggle,spiral,train
dataset/kaggle/spiral/training/healthy/V07HE02.png,healthy,kaggle,spiral,train
dataset/kaggle/spiral/training/healthy/V07HE03.png,healthy,kaggle,spiral,train
dataset/kaggle/spiral/training/healthy/V08HE02.png,healthy,kaggle,spiral,train
dataset/kaggle/spiral/training/healthy/V08HE03.png,healthy,kaggle,spiral,train
dataset/kaggle/spiral/training/healthy/V09HE02.png,healthy,kaggle,spiral,train
dataset/kaggle/spiral/training/healthy/V09HE03.png,healthy,kaggle,spiral,train
dataset/kaggle/spiral/training/healthy/V10HE02.png,healthy,kaggle,spiral,train
dataset/kaggle/spiral/training/healthy/V10HE03.png,healthy,kaggle,spiral,train
dataset/kaggle/spiral/training/healthy/V11HE02.png,healthy,kaggle,spiral,train
dataset/kaggle/spiral/training/healthy/V11HE03.png,healthy,kaggle,spiral,train
dataset/kaggle/spiral/training/healthy/V12HE01.png,healthy,kaggle,spiral,train
dataset/kaggle/spiral/training/healthy/V12HE02.png,healthy,kaggle,spiral,train
dataset/kaggle/spiral/training/healthy/V12HE03.png,healthy,kaggle,spiral,train
dataset/kaggle/spiral/training/healthy/V55HE01.png,healthy,kaggle,spiral,train
dataset/kaggle/spiral/training/healthy/V55HE02.png,healthy,kaggle,spiral,train
dataset/kaggle/spiral/training/healthy/V55HE03.png,healthy,kaggle,spiral,train
dataset/kaggle/spiral/training/healthy/V55HE04.png,healthy,kaggle,spiral,train
dataset/kaggle/spiral/training/healthy/V55HE05.png,healthy,kaggle,spiral,train
dataset/kaggle/spiral/training/healthy/V55HE06.png,healthy,kaggle,spiral,train
dataset/kaggle/spiral/training/healthy/V55HE07.png,healthy,kaggle,spiral,train
dataset/kaggle/spiral/training/healthy/V55HE08.png,healthy,kaggle,spiral,train
dataset/kaggle/spiral/training/healthy/V55HE09.png,healthy,kaggle,spiral,train
dataset/kaggle/spiral/training/healthy/V55HE10.png,healthy,kaggle,spiral,train
dataset/kaggle/spiral/training/healthy/V55HE11.png,healthy,kaggle,spiral,train
dataset/kaggle/spiral/training/parkinson/V01PE02.png,parkinson,kaggle,spiral,train
dataset/kaggle/spiral/training/parkinson/V01PE03.png,parkinson,kaggle,spiral,train
dataset/kaggle/spiral/training/parkinson/V02PE02.png,parkinson,kaggle,spiral,train
dataset/kaggle/spiral/training/parkinson/V02PE03.png,parkinson,kaggle,spiral,train
dataset/kaggle/spiral/training/parkinson/V03PE02.png,parkinson,kaggle,spiral,train
dataset/kaggle/spiral/training/parkinson/V03PE03.png,parkinson,kaggle,spiral,train
dataset/kaggle/spiral/training/parkinson/V03PE05.png,parkinson,kaggle,spiral,train
dataset/kaggle/spiral/training/parkinson/V03PE06.png,parkinson,kaggle,spiral,train
dataset/kaggle/spiral/training/parkinson/V03PE08.png,parkinson,kaggle,spiral,train
dataset/kaggle/spiral/training/parkinson/V03PE09.png,parkinson,kaggle,spiral,train
dataset/kaggle/spiral/training/parkinson/V04PE02.png,parkinson,kaggle,spiral,train
dataset/kaggle/spiral/training/parkinson/V04PE03.png,parkinson,kaggle,spiral,train
dataset/kaggle/spiral/training/parkinson/V05PE02.png,parkinson,kaggle,spiral,train
dataset/kaggle/spiral/training/parkinson/V05PE03.png,parkinson,kaggle,spiral,train
dataset/kaggle/spiral/training/parkinson/V06PE02.png,parkinson,kaggle,spiral,train
dataset/kaggle/spiral/training/parkinson/V06PE03.png,parkinson,kaggle,spiral,train
dataset/kaggle/spiral/training/parkinson/V07PE02.png,parkinson,kaggle,spiral,train
dataset/kaggle/spiral/training/parkinson/V07PE03.png,parkinson,kaggle,spiral,train
dataset/kaggle/spiral/training/parkinson/V08PE02.png,parkinson,kaggle,spiral,train
dataset/kaggle/spiral/training/parkinson/V08PE03.png,parkinson,kaggle,spiral,train
dataset/kaggle/spiral/training/parkinson/V09PE02.png,parkinson,kaggle,spiral,train
dataset/kaggle/spiral/training/parkinson/V09PE03.png,parkinson,kaggle,spiral,train
dataset/kaggle/spiral/training/parkinson/V10PE01.png,parkinson,kaggle,spiral,train
dataset/kaggle/spiral/training/parkinson/V10PE02.png,parkinson,kaggle,spiral,train
dataset/kaggle/spiral/training/parkinson/V11PE01.png,parkinson,kaggle,spiral,train
dataset/kaggle/spiral/training/parkinson/V11PE02.png,parkinson,kaggle,spiral,train
dataset/kaggle/spiral/training/parkinson/V12PE01.png,parkinson,kaggle,spiral,train
dataset/kaggle/spiral/training/parkinson/V12PE02.png,parkinson,kaggle,spiral,train
dataset/kaggle/spiral/training/parkinson/V12PE03.png,parkinson,kaggle,spiral,train
dataset/kaggle/spiral/training/parkinson/V13PE01.png,parkinson,kaggle,spiral,train
dataset/kaggle/spiral/training/parkinson/V13PE02.png,parkinson,kaggle,spiral,train
dataset/kaggle/spiral/training/parkinson/V13PE03.png,parkinson,kaggle,spiral,train
dataset/kaggle/spiral/training/parkinson/V14PE01.png,parkinson,kaggle,spiral,train
dataset/kaggle/spiral/training/parkinson/V14PE02.png,parkinson,kaggle,spiral,train
dataset/kaggle/spiral/training/parkinson/V15PE02.png,parkinson,kaggle,spiral,train
dataset/kaggle/spiral/training/parkinson/V15PE03.png,parkinson,kaggle,spiral,train
dataset/kaggle/wave/testing/healthy/V01HO01.png,healthy,kaggle,wave,test
dataset/kaggle/wave/testing/healthy/V02HO01.png,healthy,kaggle,wave,test
dataset/kaggle/wave/testing/healthy/V03HO01.png,healthy,kaggle,wave,test
dataset/kaggle/wave/testing/healthy/V04HO01.png,healthy,kaggle,wave,test
dataset/kaggle/wave/testing/healthy/V05HO01.png,healthy,kaggle,wave,test
dataset/kaggle/wave/testing/healthy/V06HO01.png,healthy,kaggle,wave,test
dataset/kaggle/wave/testing/healthy/V07HO01.png,healthy,kaggle,wave,test
dataset/kaggle/wave/testing/healthy/V08HO01.png,healthy,kaggle,wave,test
dataset/kaggle/wave/testing/healthy/V09HO01.png,healthy,kaggle,wave,test
dataset/kaggle/wave/testing/healthy/V10HO01.png,healthy,kaggle,wave,test
dataset/kaggle/wave/testing/healthy/V11HO01.png,healthy,kaggle,wave,test
dataset/kaggle/wave/testing/healthy/V55HO08.png,healthy,kaggle,wave,test
dataset/kaggle/wave/testing/healthy/V55HO09.png,healthy,kaggle,wave,test
dataset/kaggle/wave/testing/healthy/V55HO10.png,healthy,kaggle,wave,test
dataset/kaggle/wave/testing/healthy/V55HO11.png,healthy,kaggle,wave,test
dataset/kaggle/wave/testing/parkinson/V01PO01.png,parkinson,kaggle,wave,test
dataset/kaggle/wave/testing/parkinson/V02PO01.png,parkinson,kaggle,wave,test
dataset/kaggle/wave/testing/parkinson/V03PO01.png,parkinson,kaggle,wave,test
dataset/kaggle/wave/testing/parkinson/V03PO04.png,parkinson,kaggle,wave,test
dataset/kaggle/wave/testing/parkinson/V03PO07.png,parkinson,kaggle,wave,test
dataset/kaggle/wave/testing/parkinson/V04PO01.png,parkinson,kaggle,wave,test
dataset/kaggle/wave/testing/parkinson/V05PO01.png,parkinson,kaggle,wave,test
dataset/kaggle/wave/testing/parkinson/V06PO01.png,parkinson,kaggle,wave,test
dataset/kaggle/wave/testing/parkinson/V07PO01.png,parkinson,kaggle,wave,test
dataset/kaggle/wave/testing/parkinson/V08PO01.png,parkinson,kaggle,wave,test
dataset/kaggle/wave/testing/parkinson/V09PO01.png,parkinson,kaggle,wave,test
dataset/kaggle/wave/testing/parkinson/V10PO01.png,parkinson,kaggle,wave,test
dataset/kaggle/wave/testing/parkinson/V11PO01.png,parkinson,kaggle,wave,test
dataset/kaggle/wave/testing/parkinson/V14PO01.png,parkinson,kaggle,wave,test
dataset/kaggle/wave/testing/parkinson/V14PO03.png,parkinson,kaggle,wave,test
dataset/kaggle/wave/training/healthy/V01HO02.png,healthy,kaggle,wave,train
dataset/kaggle/wave/training/healthy/V01HO03.png,healthy,kaggle,wave,train
dataset/kaggle/wave/training/healthy/V02HO02.png,healthy,kaggle,wave,train
dataset/kaggle/wave/training/healthy/V02HO03.png,healthy,kaggle,wave,train
dataset/kaggle/wave/training/healthy/V03HO02.png,healthy,kaggle,wave,train
dataset/kaggle/wave/training/healthy/V03HO03.png,healthy,kaggle,wave,train
dataset/kaggle/wave/training/healthy/V04HO02.png,healthy,kaggle,wave,train
dataset/kaggle/wave/training/healthy/V04HO03.png,healthy,kaggle,wave,train
dataset/kaggle/wave/training/healthy/V05HO02.png,healthy,kaggle,wave,train
dataset/kaggle/wave/training/healthy/V05HO03.png,healthy,kaggle,wave,train
dataset/kaggle/wave/training/healthy/V06HO02.png,healthy,kaggle,wave,train
dataset/kaggle/wave/training/healthy/V06HO03.png,healthy,kaggle,wave,train
dataset/kaggle/wave/training/healthy/V07HO02.png,healthy,kaggle,wave,train
dataset/kaggle/wave/training/healthy/V07HO03.png,healthy,kaggle,wave,train
dataset/kaggle/wave/training/healthy/V08HO02.png,healthy,kaggle,wave,train
dataset/kaggle/wave/training/healthy/V08HO03.png,healthy,kaggle,wave,train
dataset/kaggle/wave/training/healthy/V09HO02.png,healthy,kaggle,wave,train
dataset/kaggle/wave/training/healthy/V09HO03.png,healthy,kaggle,wave,train
dataset/kaggle/wave/training/healthy/V10HO02.png,healthy,kaggle,wave,train
dataset/kaggle/wave/training/healthy/V10HO03.png,healthy,kaggle,wave,train
dataset/kaggle/wave/training/healthy/V11HO02.png,healthy,kaggle,wave,train
dataset/kaggle/wave/training/healthy/V11HO03.png,healthy,kaggle,wave,train
dataset/kaggle/wave/training/healthy/V12HO01.png,healthy,kaggle,wave,train
dataset/kaggle/wave/training/healthy/V12HO02.png,healthy,kaggle,wave,train
dataset/kaggle/wave/training/healthy/V12HO03.png,healthy,kaggle,wave,train
dataset/kaggle/wave/training/healthy/V55HO01.png,healthy,kaggle,wave,train
dataset/kaggle/wave/training/healthy/V55HO02.png,healthy,kaggle,wave,train
dataset/kaggle/wave/training/healthy/V55HO03.png,healthy,kaggle,wave,train
dataset/kaggle/wave/training/healthy/V55HO04.png,healthy,kaggle,wave,train
dataset/kaggle/wave/training/healthy/V55HO05.png,healthy,kaggle,wave,train
dataset/kaggle/wave/training/healthy/V55HO06.png,healthy,kaggle,wave,train
dataset/kaggle/wave/training/healthy/V55HO07.png,healthy,kaggle,wave,train
dataset/kaggle/wave/training/healthy/V55HO12.png,healthy,kaggle,wave,train
dataset/kaggle/wave/training/healthy/V55HO13.png,healthy,kaggle,wave,train
dataset/kaggle/wave/training/healthy/V55HO14.png,healthy,kaggle,wave,train
dataset/kaggle/wave/training/healthy/V55HO15.png,healthy,kaggle,wave,train
dataset/kaggle/wave/training/parkinson/V01PO02.png,parkinson,kaggle,wave,train
dataset/kaggle/wave/training/parkinson/V01PO03.png,parkinson,kaggle,wave,train
dataset/kaggle/wave/training/parkinson/V02PO02.png,parkinson,kaggle,wave,train
dataset/kaggle/wave/training/parkinson/V02PO03.png,parkinson,kaggle,wave,train
dataset/kaggle/wave/training/parkinson/V03PO02.png,parkinson,kaggle,wave,train
dataset/kaggle/wave/training/parkinson/V03PO03.png,parkinson,kaggle,wave,train
dataset/kaggle/wave/training/parkinson/V03PO05.png,parkinson,kaggle,wave,train
dataset/kaggle/wave/training/parkinson/V03PO06.png,parkinson,kaggle,wave,train
dataset/kaggle/wave/training/parkinson/V03PO08.png,parkinson,kaggle,wave,train
dataset/kaggle/wave/training/parkinson/V03PO09.png,parkinson,kaggle,wave,train
dataset/kaggle/wave/training/parkinson/V04PO02.png,parkinson,kaggle,wave,train
dataset/kaggle/wave/training/parkinson/V04PO03.png,parkinson,kaggle,wave,train
dataset/kaggle/wave/training/parkinson/V05PO02.png,parkinson,kaggle,wave,train
dataset/kaggle/wave/training/parkinson/V05PO03.png,parkinson,kaggle,wave,train
dataset/kaggle/wave/training/parkinson/V06PO02.png,parkinson,kaggle,wave,train
dataset/kaggle/wave/training/parkinson/V06PO03.png,parkinson,kaggle,wave,train
dataset/kaggle/wave/training/parkinson/V07PO02.png,parkinson,kaggle,wave,train
dataset/kaggle/wave/training/parkinson/V07PO03.png,parkinson,kaggle,wave,train
dataset/kaggle/wave/training/parkinson/V08PO02.png,parkinson,kaggle,wave,train
dataset/kaggle/wave/training/parkinson/V08PO03.png,parkinson,kaggle,wave,train
dataset/kaggle/wave/training/parkinson/V09PO02.png,parkinson,kaggle,wave,train
dataset/kaggle/wave/training/parkinson/V09PO03.png,parkinson,kaggle,wave,train
dataset/kaggle/wave/training/parkinson/V10PO02.png,parkinson,kaggle,wave,train
dataset/kaggle/wave/training/parkinson/V10PO03.png,parkinson,kaggle,wave,train
dataset/kaggle/wave/training/parkinson/V11PO02.png,parkinson,kaggle,wave,train
dataset/kaggle/wave/training/parkinson/V11PO03.png,parkinson,kaggle,wave,train
dataset/kaggle/wave/training/parkinson/V12PO01.png,parkinson,kaggle,wave,train
dataset/kaggle/wave/training/parkinson/V12PO02.png,parkinson,kaggle,wave,train
dataset/kaggle/wave/training/parkinson/V12PO03.png,parkinson,kaggle,wave,train
dataset/kaggle/wave/training/parkinson/V13PO01.png,parkinson,kaggle,wave,train
dataset/kaggle/wave/training/parkinson/V13PO02.png,parkinson,kaggle,wave,train
dataset/kaggle/wave/training/parkinson/V13PO03.png,parkinson,kaggle,wave,train
dataset/kaggle/wave/training/parkinson/V14PO02.png,parkinson,kaggle,wave,train
dataset/kaggle/wave/training/parkinson/V15PO01.png,parkinson,kaggle,wave,train
dataset/kaggle/wave/training/parkinson/V15PO02.png,parkinson,kaggle,wave,train
dataset/kaggle/wave/training/parkinson/V15PO03.png,parkinson,kaggle,wave,train
dataset/Spiral_HandPD/SpiralControl/0068-1.jpg,healthy,handpd,spiral,train
dataset/Spiral_HandPD/SpiralControl/0068-2.jpg,healthy,handpd,spiral,train
dataset/Spiral_HandPD/SpiralControl/0068-3.jpg,healthy,handpd,spiral,train
dataset/Spiral_HandPD/SpiralControl/0068-4.jpg,healthy,handpd,spiral,train
dataset/Spiral_HandPD/SpiralControl/0092-1.jpg,healthy,handpd,spiral,train
dataset/Spiral_HandPD/SpiralControl/0092-2.jpg,healthy,handpd,spiral,train
dataset/Spiral_HandPD/SpiralControl/0092-3.jpg,healthy,handpd,spiral,train
dataset/Spiral_HandPD/SpiralControl/0092-4.jpg,healthy,handpd,spiral,train
dataset/Spiral_HandPD/SpiralControl/0098-1.jpg,healthy,handpd,spiral,train
dataset/Spiral_HandPD/SpiralControl/0098-2.jpg,healthy,handpd,spiral,train
dataset/Spiral_HandPD/SpiralControl/0098-3.jpg,healthy,handpd,spiral,train
dataset/Spiral_HandPD/SpiralControl/0098-4.jpg,healthy,handpd,spiral,train
dataset/Spiral_HandPD/SpiralControl/0100-1.jpg,healthy,handpd,spiral,train
dataset/Spiral_HandPD/SpiralControl/0100-2.jpg,healthy,handpd,spiral,train
dataset/Spiral_HandPD/SpiralControl/0100-3.jpg,healthy,handpd,spiral,train
dataset/Spiral_HandPD/SpiralControl/0100-4.jpg,healthy,handpd,spiral,train
dataset/Spiral_HandPD/SpiralControl/0102-1.jpg,healthy,handpd,spiral,train
dataset/Spiral_HandPD/SpiralControl/0102-2.jpg,healthy,handpd,spiral,train
dataset/Spiral_HandPD/SpiralControl/0102-3.jpg,healthy,handpd,spiral,train
dataset/Spiral_HandPD/SpiralControl/0102-4.jpg,healthy,handpd,spiral,train
dataset/Spiral_HandPD/SpiralControl/0104-1.jpg,healthy,handpd,spiral,train
dataset/Spiral_HandPD/SpiralControl/0104-2.jpg,healthy,handpd,spiral,train
dataset/Spiral_HandPD/SpiralControl/0104-3.jpg,healthy,handpd,spiral,train
dataset/Spiral_HandPD/SpiralControl/0104-4.jpg,healthy,handpd,spiral,train
dataset/Spiral_HandPD/SpiralControl/0106-1.jpg,healthy,handpd,spiral,train
dataset/Spiral_HandPD/SpiralControl/0106-2.jpg,healthy,handpd,spiral,train
dataset/Spiral_HandPD/SpiralControl/0106-3.jpg,healthy,handpd,spiral,train
dataset/Spiral_HandPD/SpiralControl/0106-4.jpg,healthy,handpd,spiral,train
dataset/Spiral_HandPD/SpiralControl/0112-1.jpg,healthy,handpd,spiral,train
dataset/Spiral_HandPD/SpiralControl/0112-2.jpg,healthy,handpd,spiral,train
dataset/Spiral_HandPD/SpiralControl/0112-3.jpg,healthy,handpd,spiral,train
dataset/Spiral_HandPD/SpiralControl/0112-4.jpg,healthy,handpd,spiral,train
dataset/Spiral_HandPD/SpiralControl/0116-1.jpg,healthy,handpd,spiral,train
dataset/Spiral_HandPD/SpiralControl/0116-2.jpg,healthy,handpd,spiral,train
dataset/Spiral_HandPD/SpiralControl/0116-3.jpg,healthy,handpd,spiral,train
dataset/Spiral_HandPD/SpiralControl/0116-4.jpg,healthy,handpd,spiral,train
dataset/Spiral_HandPD/SpiralControl/0127-1.jpg,healthy,handpd,spiral,train
dataset/Spiral_HandPD/SpiralControl/0127-2.jpg,healthy,handpd,spiral,train
dataset/Spiral_HandPD/SpiralControl/0127-3.jpg,healthy,handpd,spiral,train
dataset/Spiral_HandPD/SpiralControl/0127-4.jpg,healthy,handpd,spiral,train
dataset/Spiral_HandPD/SpiralControl/0129-1.jpg,healthy,handpd,spiral,train
dataset/Spiral_HandPD/SpiralControl/0129-2.jpg,healthy,handpd,spiral,train
dataset/Spiral_HandPD/SpiralControl/0129-3.jpg,healthy,handpd,spiral,train
dataset/Spiral_HandPD/SpiralControl/0129-4.jpg,healthy,handpd,spiral,train
dataset/Spiral_HandPD/SpiralControl/0131-1.jpg,healthy,handpd,spiral,train
dataset/Spiral_HandPD/SpiralControl/0131-2.jpg,healthy,handpd,spiral,train
dataset/Spiral_HandPD/SpiralControl/0131-3.jpg,healthy,handpd,spiral,train
dataset/Spiral_HandPD/SpiralControl/0131-4.jpg,healthy,handpd,spiral,train
dataset/Spiral_HandPD/SpiralControl/0287-1.jpg,healthy,handpd,spiral,train
dataset/Spiral_HandPD/SpiralControl/0287-2.jpg,healthy,handpd,spiral,train
dataset/Spiral_HandPD/SpiralControl/0287-3.jpg,healthy,handpd,spiral,train
dataset/Spiral_HandPD/SpiralControl/0287-4.jpg,healthy,handpd,spiral,train
dataset/Spiral_HandPD/SpiralControl/0289-1.jpg,healthy,handpd,spiral,train
dataset/Spiral_HandPD/SpiralControl/0289-2.jpg,healthy,handpd,spiral,train
dataset/Spiral_HandPD/SpiralControl/0289-3.jpg,healthy,handpd,spiral,train
dataset/Spiral_HandPD/SpiralControl/0289-4.jpg,healthy,handpd,spiral,train
dataset/Spiral_HandPD/SpiralControl/0293-1.jpg,healthy,handpd,spiral,train
dataset/Spiral_HandPD/SpiralControl/0293-2.jpg,healthy,handpd,spiral,train
dataset/Spiral_HandPD/SpiralControl/0293-3.jpg,healthy,handpd,spiral,train
dataset/Spiral_HandPD/SpiralControl/0293-4.jpg,healthy,handpd,spiral,train
dataset/Spiral_HandPD/SpiralControl/0295-1.jpg,healthy,handpd,spiral,train
dataset/Spiral_HandPD/SpiralControl/0295-2.jpg,healthy,handpd,spiral,train
dataset/Spiral_HandPD/SpiralControl/0295-3.jpg,healthy,handpd,spiral,train
dataset/Spiral_HandPD/SpiralControl/0295-4.jpg,healthy,handpd,spiral,train
dataset/Spiral_HandPD/SpiralControl/0297-1.jpg,healthy,handpd,spiral,train
dataset/Spiral_HandPD/SpiralControl/0297-2.jpg,healthy,handpd,spiral,train
dataset/Spiral_HandPD/SpiralControl/0297-3.jpg,healthy,handpd,spiral,train
dataset/Spiral_HandPD/SpiralControl/0297-4.jpg,healthy,handpd,spiral,train
dataset/Spiral_HandPD/SpiralControl/0305-1.jpg,healthy,handpd,spiral,train
dataset/Spiral_HandPD/SpiralControl/0305-2.jpg,healthy,handpd,spiral,train
dataset/Spiral_HandPD/SpiralControl/0305-3.jpg,healthy,handpd,spiral,train
dataset/Spiral_HandPD/SpiralControl/0305-4.jpg,healthy,handpd,spiral,train
dataset/Spiral_HandPD/SpiralPatients/0002-1.jpg,parkinson,handpd,spiral,train
dataset/Spiral_HandPD/SpiralPatients/0002-2.jpg,parkinson,handpd,spiral,train
dataset/Spiral_HandPD/SpiralPatients/0002-3.jpg,parkinson,handpd,spiral,train
dataset/Spiral_HandPD/SpiralPatients/0002-4.jpg,parkinson,handpd,spiral,train
dataset/Spiral_HandPD/SpiralPatients/0003-1.jpg,parkinson,handpd,spiral,train
dataset/Spiral_HandPD/SpiralPatients/0003-2.jpg,parkinson,handpd,spiral,train
dataset/Spiral_HandPD/SpiralPatients/0003-3.jpg,parkinson,handpd,spiral,train
dataset/Spiral_HandPD/SpiralPatients/0003-4.jpg,parkinson,handpd,spiral,train
dataset/Spiral_HandPD/SpiralPatients/0004-1.jpg,parkinson,handpd,spiral,train
dataset/Spiral_HandPD/SpiralPatients/0004-2.jpg,parkinson,handpd,spiral,train
dataset/Spiral_HandPD/SpiralPatients/0004-3.jpg,parkinson,handpd,spiral,train
dataset/Spiral_HandPD/SpiralPatients/0004-4.jpg,parkinson,handpd,spiral,train
dataset/Spiral_HandPD/SpiralPatients/0005-1.jpg,parkinson,handpd,spiral,train
dataset/Spiral_HandPD/SpiralPatients/0005-2.jpg,parkinson,handpd,spiral,train
dataset/Spiral_HandPD/SpiralPatients/0005-3.jpg,parkinson,handpd,spiral,train
dataset/Spiral_HandPD/SpiralPatients/0005-4.jpg,parkinson,handpd,spiral,train
dataset/Spiral_HandPD/SpiralPatients/0009-1.jpg,parkinson,handpd,spiral,train
dataset/Spiral_HandPD/SpiralPatients/0009-2.jpg,parkinson,handpd,spiral,train
dataset/Spiral_HandPD/SpiralPatients/0009-3.jpg,parkinson,handpd,spiral,train
dataset/Spiral_HandPD/SpiralPatients/0009-4.jpg,parkinson,handpd,spiral,train
dataset/Spiral_HandPD/SpiralPatients/0010-1.jpg,parkinson,handpd,spiral,train
dataset/Spiral_HandPD/SpiralPatients/0010-2.jpg,parkinson,handpd,spiral,train
dataset/Spiral_HandPD/SpiralPatients/0010-3.jpg,parkinson,handpd,spiral,train
dataset/Spiral_HandPD/SpiralPatients/0010-4.jpg,parkinson,handpd,spiral,train
dataset/Spiral_HandPD/SpiralPatients/0016-1.jpg,parkinson,handpd,spiral,train
dataset/Spiral_HandPD/SpiralPatients/0016-2.jpg,parkinson,handpd,spiral,train
dataset/Spiral_HandPD/SpiralPatients/0016-3.jpg,parkinson,handpd,spiral,train
dataset/Spiral_HandPD/SpiralPatients/0016-4.jpg,parkinson,handpd,spiral,train
dataset/Spiral_HandPD/SpiralPatients/0023-1.jpg,parkinson,handpd,spiral,train
dataset/Spiral_HandPD/SpiralPatients/0023-2.jpg,parkinson,handpd,spiral,train
dataset/Spiral_HandPD/SpiralPatients/0023-3.jpg,parkinson,handpd,spiral,train
dataset/Spiral_HandPD/SpiralPatients/0023-4.jpg,parkinson,handpd,spiral,train
dataset/Spiral_HandPD/SpiralPatients/0024-1.jpg,parkinson,handpd,spiral,train
dataset/Spiral_HandPD/SpiralPatients/0024-2.jpg,parkinson,handpd,spiral,train
dataset/Spiral_HandPD/SpiralPatients/0024-3.jpg,parkinson,handpd,spiral,train
dataset/Spiral_HandPD/SpiralPatients/0024-4.jpg,parkinson,handpd,spiral,train
dataset/Spiral_HandPD/SpiralPatients/0030-1.jpg,parkinson,handpd,spiral,train
dataset/Spiral_HandPD/SpiralPatients/0030-2.jpg,parkinson,handpd,spiral,train
dataset/Spiral_HandPD/SpiralPatients/0030-3.jpg,parkinson,handpd,spiral,train
dataset/Spiral_HandPD/SpiralPatients/0030-4.jpg,parkinson,handpd,spiral,train
dataset/Spiral_HandPD/SpiralPatients/0031-1.jpg,parkinson,handpd,spiral,train
dataset/Spiral_HandPD/SpiralPatients/0031-2.jpg,parkinson,handpd,spiral,train
dataset/Spiral_HandPD/SpiralPatients/0031-3.jpg,parkinson,handpd,spiral,train
dataset/Spiral_HandPD/SpiralPatients/0031-4.jpg,parkinson,handpd,spiral,train
dataset/Spiral_HandPD/SpiralPatients/0037-1.jpg,parkinson,handpd,spiral,train
dataset/Spiral_HandPD/SpiralPatients/0037-2.jpg,parkinson,handpd,spiral,train
dataset/Spiral_HandPD/SpiralPatients/0037-3.jpg,parkinson,handpd,spiral,train
dataset/Spiral_HandPD/SpiralPatients/0037-4.jpg,parkinson,handpd,spiral,train
dataset/Spiral_HandPD/SpiralPatients/0038-1.jpg,parkinson,handpd,spiral,train
dataset/Spiral_HandPD/SpiralPatients/0038-2.jpg,parkinson,handpd,spiral,train
dataset/Spiral_HandPD/SpiralPatients/0038-3.jpg,parkinson,handpd,spiral,train
dataset/Spiral_HandPD/SpiralPatients/0038-4.jpg,parkinson,handpd,spiral,train
dataset/Spiral_HandPD/SpiralPatients/0044-1.jpg,parkinson,handpd,spiral,train
dataset/Spiral_HandPD/SpiralPatients/0044-2.jpg,parkinson,handpd,spiral,train
dataset/Spiral_HandPD/SpiralPatients/0044-3.jpg,parkinson,handpd,spiral,train
dataset/Spiral_HandPD/SpiralPatients/0044-4.jpg,parkinson,handpd,spiral,train
dataset/Spiral_HandPD/SpiralPatients/0045-1.jpg,parkinson,handpd,spiral,train
dataset/Spiral_HandPD/SpiralPatients/0045-2.jpg,parkinson,handpd,spiral,train
dataset/Spiral_HandPD/SpiralPatients/0045-3.jpg,parkinson,handpd,spiral,train
dataset/Spiral_HandPD/SpiralPatients/0045-4.jpg,parkinson,handpd,spiral,train
dataset/Spiral_HandPD/SpiralPatients/0046-1.jpg,parkinson,handpd,spiral,train
dataset/Spiral_HandPD/SpiralPatients/0046-2.jpg,parkinson,handpd,spiral,train
dataset/Spiral_HandPD/SpiralPatients/0046-3.jpg,parkinson,handpd,spiral,train
dataset/Spiral_HandPD/SpiralPatients/0046-4.jpg,parkinson,handpd,spiral,train
dataset/Spiral_HandPD/SpiralPatients/0051-1.jpg,parkinson,handpd,spiral,train
dataset/Spiral_HandPD/SpiralPatients/0051-2.jpg,parkinson,handpd,spiral,train
dataset/Spiral_HandPD/SpiralPatients/0051-3.jpg,parkinson,handpd,spiral,train
dataset/Spiral_HandPD/SpiralPatients/0051-4.jpg,parkinson,handpd,spiral,train
dataset/Spiral_HandPD/SpiralPatients/0052-1.jpg,parkinson,handpd,spiral,train
dataset/Spiral_HandPD/SpiralPatients/0052-2.jpg,parkinson,handpd,spiral,train
dataset/Spiral_HandPD/SpiralPatients/0052-3.jpg,parkinson,handpd,spiral,train
dataset/Spiral_HandPD/SpiralPatients/0052-4.jpg,parkinson,handpd,spiral,train
dataset/Spiral_HandPD/SpiralPatients/0053-1.jpg,parkinson,handpd,spiral,train
dataset/Spiral_HandPD/SpiralPatients/0053-2.jpg,parkinson,handpd,spiral,train
dataset/Spiral_HandPD/SpiralPatients/0053-3.jpg,parkinson,handpd,spiral,train
dataset/Spiral_HandPD/SpiralPatients/0053-4.jpg,parkinson,handpd,spiral,train
dataset/Spiral_HandPD/SpiralPatients/0054-1.jpg,parkinson,handpd,spiral,train
dataset/Spiral_HandPD/SpiralPatients/0054-2.jpg,parkinson,handpd,spiral,train
dataset/Spiral_HandPD/SpiralPatients/0054-3.jpg,parkinson,handpd,spiral,train
dataset/Spiral_HandPD/SpiralPatients/0054-4.jpg,parkinson,handpd,spiral,train
dataset/Spiral_HandPD/SpiralPatients/0134-1.jpg,parkinson,handpd,spiral,train
dataset/Spiral_HandPD/SpiralPatients/0134-2.jpg,parkinson,handpd,spiral,train
dataset/Spiral_HandPD/SpiralPatients/0134-3.jpg,parkinson,handpd,spiral,train
dataset/Spiral_HandPD/SpiralPatients/0134-4.jpg,parkinson,handpd,spiral,train
dataset/Spiral_HandPD/SpiralPatients/0136-1.jpg,parkinson,handpd,spiral,train
dataset/Spiral_HandPD/SpiralPatients/0136-2.jpg,parkinson,handpd,spiral,train
dataset/Spiral_HandPD/SpiralPatients/0136-3.jpg,parkinson,handpd,spiral,train
dataset/Spiral_HandPD/SpiralPatients/0136-4.jpg,parkinson,handpd,spiral,train
dataset/Spiral_HandPD/SpiralPatients/0138-1.jpg,parkinson,handpd,spiral,train
dataset/Spiral_HandPD/SpiralPatients/0138-2.jpg,parkinson,handpd,spiral,train
dataset/Spiral_HandPD/SpiralPatients/0138-3.jpg,parkinson,handpd,spiral,train
dataset/Spiral_HandPD/SpiralPatients/0138-4.jpg,parkinson,handpd,spiral,train
dataset/Spiral_HandPD/SpiralPatients/0139-1.jpg,parkinson,handpd,spiral,train
dataset/Spiral_HandPD/SpiralPatients/0139-2.jpg,parkinson,handpd,spiral,train
dataset/Spiral_HandPD/SpiralPatients/0139-3.jpg,parkinson,handpd,spiral,train
dataset/Spiral_HandPD/SpiralPatients/0139-4.jpg,parkinson,handpd,spiral,train
dataset/Spiral_HandPD/SpiralPatients/0143-1.jpg,parkinson,handpd,spiral,train
dataset/Spiral_HandPD/SpiralPatients/0143-2.jpg,parkinson,handpd,spiral,train
dataset/Spiral_HandPD/SpiralPatients/0143-3.jpg,parkinson,handpd,spiral,train
dataset/Spiral_HandPD/SpiralPatients/0143-4.jpg,parkinson,handpd,spiral,train
dataset/Spiral_HandPD/SpiralPatients/0148-1.jpg,parkinson,handpd,spiral,train
dataset/Spiral_HandPD/SpiralPatients/0148-2.jpg,parkinson,handpd,spiral,train
dataset/Spiral_HandPD/SpiralPatients/0148-3.jpg,parkinson,handpd,spiral,train
dataset/Spiral_HandPD/SpiralPatients/0148-4.jpg,parkinson,handpd,spiral,train
dataset/Spiral_HandPD/SpiralPatients/0149-1.jpg,parkinson,handpd,spiral,train
dataset/Spiral_HandPD/SpiralPatients/0149-2.jpg,parkinson,handpd,spiral,train
dataset/Spiral_HandPD/SpiralPatients/0149-3.jpg,parkinson,handpd,spiral,train
dataset/Spiral_HandPD/SpiralPatients/0149-4.jpg,parkinson,handpd,spiral,train
dataset/Spiral_HandPD/SpiralPatients/0153-1.jpg,parkinson,handpd,spiral,train
dataset/Spiral_HandPD/SpiralPatients/0153-2.jpg,parkinson,handpd,spiral,train
dataset/Spiral_HandPD/SpiralPatients/0153-3.jpg,parkinson,handpd,spiral,train
dataset/Spiral_HandPD/SpiralPatients/0153-4.jpg,parkinson,handpd,spiral,train
dataset/Spiral_HandPD/SpiralPatients/0157-1.jpg,parkinson,handpd,spiral,train
dataset/Spiral_HandPD/SpiralPatients/0157-2.jpg,parkinson,handpd,spiral,train
dataset/Spiral_HandPD/SpiralPatients/0157-3.jpg,parkinson,handpd,spiral,train
dataset/Spiral_HandPD/SpiralPatients/0157-4.jpg,parkinson,handpd,spiral,train
dataset/Spiral_HandPD/SpiralPatients/0161-1.jpg,parkinson,handpd,spiral,train
dataset/Spiral_HandPD/SpiralPatients/0161-2.jpg,parkinson,handpd,spiral,train
dataset/Spiral_HandPD/SpiralPatients/0161-3.jpg,parkinson,handpd,spiral,train
dataset/Spiral_HandPD/SpiralPatients/0161-4.jpg,parkinson,handpd,spiral,train
dataset/Spiral_HandPD/SpiralPatients/0165-1.jpg,parkinson,handpd,spiral,train
dataset/Spiral_HandPD/SpiralPatients/0165-2.jpg,parkinson,handpd,spiral,train
dataset/Spiral_HandPD/SpiralPatients/0165-3.jpg,parkinson,handpd,spiral,train
dataset/Spiral_HandPD/SpiralPatients/0165-4.jpg,parkinson,handpd,spiral,train
dataset/Spiral_HandPD/SpiralPatients/0166-1.jpg,parkinson,handpd,spiral,train
dataset/Spiral_HandPD/SpiralPatients/0166-2.jpg,parkinson,handpd,spiral,train
dataset/Spiral_HandPD/SpiralPatients/0166-3.jpg,parkinson,handpd,spiral,train
dataset/Spiral_HandPD/SpiralPatients/0166-4.jpg,parkinson,handpd,spiral,train
dataset/Spiral_HandPD/SpiralPatients/0170-1.jpg,parkinson,handpd,spiral,train
dataset/Spiral_HandPD/SpiralPatients/0170-2.jpg,parkinson,handpd,spiral,train
dataset/Spiral_HandPD/SpiralPatients/0170-3.jpg,parkinson,handpd,spiral,train
dataset/Spiral_HandPD/SpiralPatients/0170-4.jpg,parkinson,handpd,spiral,train
dataset/Spiral_HandPD/SpiralPatients/0174-1.jpg,parkinson,handpd,spiral,train
dataset/Spiral_HandPD/SpiralPatients/0174-2.jpg,parkinson,handpd,spiral,train
dataset/Spiral_HandPD/SpiralPatients/0174-3.jpg,parkinson,handpd,spiral,train
dataset/Spiral_HandPD/SpiralPatients/0174-4.jpg,parkinson,handpd,spiral,train
dataset/Spiral_HandPD/SpiralPatients/0176-1.jpg,parkinson,handpd,spiral,train
dataset/Spiral_HandPD/SpiralPatients/0176-2.jpg,parkinson,handpd,spiral,train
dataset/Spiral_HandPD/SpiralPatients/0176-3.jpg,parkinson,handpd,spiral,train
dataset/Spiral_HandPD/SpiralPatients/0176-4.jpg,parkinson,handpd,spiral,train
dataset/Spiral_HandPD/SpiralPatients/0177-1.jpg,parkinson,handpd,spiral,train
dataset/Spiral_HandPD/SpiralPatients/0177-2.jpg,parkinson,handpd,spiral,train
dataset/Spiral_HandPD/SpiralPatients/0177-3.jpg,parkinson,handpd,spiral,train
dataset/Spiral_HandPD/SpiralPatients/0177-4.jpg,parkinson,handpd,spiral,train
dataset/Spiral_HandPD/SpiralPatients/0181-1.jpg,parkinson,handpd,spiral,train
dataset/Spiral_HandPD/SpiralPatients/0181-2.jpg,parkinson,handpd,spiral,train
dataset/Spiral_HandPD/SpiralPatients/0181-3.jpg,parkinson,handpd,spiral,train
dataset/Spiral_HandPD/SpiralPatients/0181-4.jpg,parkinson,handpd,spiral,train
dataset/Spiral_HandPD/SpiralPatients/0182-1.jpg,parkinson,handpd,spiral,train
dataset/Spiral_HandPD/SpiralPatients/0182-2.jpg,parkinson,handpd,spiral,train
dataset/Spiral_HandPD/SpiralPatients/0182-3.jpg,parkinson,handpd,spiral,train
dataset/Spiral_HandPD/SpiralPatients/0182-4.jpg,parkinson,handpd,spiral,train
dataset/Spiral_HandPD/SpiralPatients/0186-1.jpg,parkinson,handpd,spiral,train
dataset/Spiral_HandPD/SpiralPatients/0186-2.jpg,parkinson,handpd,spiral,train
dataset/Spiral_HandPD/SpiralPatients/0186-3.jpg,parkinson,handpd,spiral,train
dataset/Spiral_HandPD/SpiralPatients/0186-4.jpg,parkinson,handpd,spiral,train
dataset/Spiral_HandPD/SpiralPatients/0187-1.jpg,parkinson,handpd,spiral,train
dataset/Spiral_HandPD/SpiralPatients/0187-2.jpg,parkinson,handpd,spiral,train
dataset/Spiral_HandPD/SpiralPatients/0187-3.jpg,parkinson,handpd,spiral,train
dataset/Spiral_HandPD/SpiralPatients/0187-4.jpg,parkinson,handpd,spiral,train
dataset/Spiral_HandPD/SpiralPatients/0188-1.jpg,parkinson,handpd,spiral,train
dataset/Spiral_HandPD/SpiralPatients/0188-2.jpg,parkinson,handpd,spiral,train
dataset/Spiral_HandPD/SpiralPatients/0188-3.jpg,parkinson,handpd,spiral,train
dataset/Spiral_HandPD/SpiralPatients/0188-4.jpg,parkinson,handpd,spiral,train
dataset/Spiral_HandPD/SpiralPatients/0192-1.jpg,parkinson,handpd,spiral,train
dataset/Spiral_HandPD/SpiralPatients/0192-2.jpg,parkinson,handpd,spiral,train
dataset/Spiral_HandPD/SpiralPatients/0192-3.jpg,parkinson,handpd,spiral,train
dataset/Spiral_HandPD/SpiralPatients/0192-4.jpg,parkinson,handpd,spiral,train
dataset/Spiral_HandPD/SpiralPatients/0196-1.jpg,parkinson,handpd,spiral,train
dataset/Spiral_HandPD/SpiralPatients/0196-2.jpg,parkinson,handpd,spiral,train
dataset/Spiral_HandPD/SpiralPatients/0196-3.jpg,parkinson,handpd,spiral,train
dataset/Spiral_HandPD/SpiralPatients/0196-4.jpg,parkinson,handpd,spiral,train
dataset/Spiral_HandPD/SpiralPatients/0197-1.jpg,parkinson,handpd,spiral,train
dataset/Spiral_HandPD/SpiralPatients/0197-2.jpg,parkinson,handpd,spiral,train
dataset/Spiral_HandPD/SpiralPatients/0197-3.jpg,parkinson,handpd,spiral,train
dataset/Spiral_HandPD/SpiralPatients/0197-4.jpg,parkinson,handpd,spiral,train
dataset/Spiral_HandPD/SpiralPatients/0198-1.jpg,parkinson,handpd,spiral,train
dataset/Spiral_HandPD/SpiralPatients/0198-2.jpg,parkinson,handpd,spiral,train
dataset/Spiral_HandPD/SpiralPatients/0198-3.jpg,parkinson,handpd,spiral,train
dataset/Spiral_HandPD/SpiralPatients/0198-4.jpg,parkinson,handpd,spiral,train
dataset/Spiral_HandPD/SpiralPatients/0202-1.jpg,parkinson,handpd,spiral,train
dataset/Spiral_HandPD/SpiralPatients/0202-2.jpg,parkinson,handpd,spiral,train
dataset/Spiral_HandPD/SpiralPatients/0202-3.jpg,parkinson,handpd,spiral,train
dataset/Spiral_HandPD/SpiralPatients/0202-4.jpg,parkinson,handpd,spiral,train
dataset/Spiral_HandPD/SpiralPatients/0203-1.jpg,parkinson,handpd,spiral,train
dataset/Spiral_HandPD/SpiralPatients/0203-2.jpg,parkinson,handpd,spiral,train
dataset/Spiral_HandPD/SpiralPatients/0203-3.jpg,parkinson,handpd,spiral,train
dataset/Spiral_HandPD/SpiralPatients/0203-4.jpg,parkinson,handpd,spiral,train
dataset/Spiral_HandPD/SpiralPatients/0207-1.jpg,parkinson,handpd,spiral,train
dataset/Spiral_HandPD/SpiralPatients/0207-2.jpg,parkinson,handpd,spiral,train
dataset/Spiral_HandPD/SpiralPatients/0207-3.jpg,parkinson,handpd,spiral,train
dataset/Spiral_HandPD/SpiralPatients/0207-4.jpg,parkinson,handpd,spiral,train
dataset/Spiral_HandPD/SpiralPatients/0208-1.jpg,parkinson,handpd,spiral,train
dataset/Spiral_HandPD/SpiralPatients/0208-2.jpg,parkinson,handpd,spiral,train
dataset/Spiral_HandPD/SpiralPatients/0208-3.jpg,parkinson,handpd,spiral,train
dataset/Spiral_HandPD/SpiralPatients/0208-4.jpg,parkinson,handpd,spiral,train
dataset/Spiral_HandPD/SpiralPatients/0213-1.jpg,parkinson,handpd,spiral,train
dataset/Spiral_HandPD/SpiralPatients/0213-2.jpg,parkinson,handpd,spiral,train
dataset/Spiral_HandPD/SpiralPatients/0213-3.jpg,parkinson,handpd,spiral,train
dataset/Spiral_HandPD/SpiralPatients/0213-4.jpg,parkinson,handpd,spiral,train
dataset/Spiral_HandPD/SpiralPatients/0214-1.jpg,parkinson,handpd,spiral,train
dataset/Spiral_HandPD/SpiralPatients/0214-2.jpg,parkinson,handpd,spiral,train
dataset/Spiral_HandPD/SpiralPatients/0214-3.jpg,parkinson,handpd,spiral,train
dataset/Spiral_HandPD/SpiralPatients/0214-4.jpg,parkinson,handpd,spiral,train
dataset/Spiral_HandPD/SpiralPatients/0218-1.jpg,parkinson,handpd,spiral,train
dataset/Spiral_HandPD/SpiralPatients/0218-2.jpg,parkinson,handpd,spiral,train
dataset/Spiral_HandPD/SpiralPatients/0218-3.jpg,parkinson,handpd,spiral,train
dataset/Spiral_HandPD/SpiralPatients/0218-4.jpg,parkinson,handpd,spiral,train
dataset/Spiral_HandPD/SpiralPatients/0219-1.jpg,parkinson,handpd,spiral,train
dataset/Spiral_HandPD/SpiralPatients/0219-2.jpg,parkinson,handpd,spiral,train
dataset/Spiral_HandPD/SpiralPatients/0219-3.jpg,parkinson,handpd,spiral,train
dataset/Spiral_HandPD/SpiralPatients/0219-4.jpg,parkinson,handpd,spiral,train
dataset/Spiral_HandPD/SpiralPatients/0223-1.jpg,parkinson,handpd,spiral,train
dataset/Spiral_HandPD/SpiralPatients/0223-2.jpg,parkinson,handpd,spiral,train
dataset/Spiral_HandPD/SpiralPatients/0223-3.jpg,parkinson,handpd,spiral,train
dataset/Spiral_HandPD/SpiralPatients/0223-4.jpg,parkinson,handpd,spiral,train
dataset/Spiral_HandPD/SpiralPatients/0228-1.jpg,parkinson,handpd,spiral,train
dataset/Spiral_HandPD/SpiralPatients/0228-2.jpg,parkinson,handpd,spiral,train
dataset/Spiral_HandPD/SpiralPatients/0228-3.jpg,parkinson,handpd,spiral,train
dataset/Spiral_HandPD/SpiralPatients/0228-4.jpg,parkinson,handpd,spiral,train
dataset/Spiral_HandPD/SpiralPatients/0229-1.jpg,parkinson,handpd,spiral,train
dataset/Spiral_HandPD/SpiralPatients/0229-2.jpg,parkinson,handpd,spiral,train
dataset/Spiral_HandPD/SpiralPatients/0229-3.jpg,parkinson,handpd,spiral,train
dataset/Spiral_HandPD/SpiralPatients/0229-4.jpg,parkinson,handpd,spiral,train
dataset/Spiral_HandPD/SpiralPatients/0230-1.jpg,parkinson,handpd,spiral,train
dataset/Spiral_HandPD/SpiralPatients/0230-2.jpg,parkinson,handpd,spiral,train
dataset/Spiral_HandPD/SpiralPatients/0230-3.jpg,parkinson,handpd,spiral,train
dataset/Spiral_HandPD/SpiralPatients/0230-4.jpg,parkinson,handpd,spiral,train
dataset/Spiral_HandPD/SpiralPatients/0234-1.jpg,parkinson,handpd,spiral,train
dataset/Spiral_HandPD/SpiralPatients/0234-2.jpg,parkinson,handpd,spiral,train
dataset/Spiral_HandPD/SpiralPatients/0234-3.jpg,parkinson,handpd,spiral,train
dataset/Spiral_HandPD/SpiralPatients/0234-4.jpg,parkinson,handpd,spiral,train
dataset/Spiral_HandPD/SpiralPatients/0235-1.jpg,parkinson,handpd,spiral,train
dataset/Spiral_HandPD/SpiralPatients/0235-2.jpg,parkinson,handpd,spiral,train
dataset/Spiral_HandPD/SpiralPatients/0235-3.jpg,parkinson,handpd,spiral,train
dataset/Spiral_HandPD/SpiralPatients/0235-4.jpg,parkinson,handpd,spiral,train
dataset/Spiral_HandPD/SpiralPatients/0236-1.jpg,parkinson,handpd,spiral,train
dataset/Spiral_HandPD/SpiralPatients/0236-2.jpg,parkinson,handpd,spiral,train
dataset/Spiral_HandPD/SpiralPatients/0236-3.jpg,parkinson,handpd,spiral,train
dataset/Spiral_HandPD/SpiralPatients/0236-4.jpg,parkinson,handpd,spiral,train
dataset/Spiral_HandPD/SpiralPatients/0240-1.jpg,parkinson,handpd,spiral,train
dataset/Spiral_HandPD/SpiralPatients/0240-2.jpg,parkinson,handpd,spiral,train
dataset/Spiral_HandPD/SpiralPatients/0240-3.jpg,parkinson,handpd,spiral,train
dataset/Spiral_HandPD/SpiralPatients/0240-4.jpg,parkinson,handpd,spiral,train
dataset/Spiral_HandPD/SpiralPatients/0241-1.jpg,parkinson,handpd,spiral,train
dataset/Spiral_HandPD/SpiralPatients/0241-2.jpg,parkinson,handpd,spiral,train
dataset/Spiral_HandPD/SpiralPatients/0241-3.jpg,parkinson,handpd,spiral,train
dataset/Spiral_HandPD/SpiralPatients/0241-4.jpg,parkinson,handpd,spiral,train
dataset/Spiral_HandPD/SpiralPatients/0242-1.jpg,parkinson,handpd,spiral,train
dataset/Spiral_HandPD/SpiralPatients/0242-2.jpg,parkinson,handpd,spiral,train
dataset/Spiral_HandPD/SpiralPatients/0242-3.jpg,parkinson,handpd,spiral,train
dataset/Spiral_HandPD/SpiralPatients/0242-4.jpg,parkinson,handpd,spiral,train
dataset/Spiral_HandPD/SpiralPatients/0246-1.jpg,parkinson,handpd,spiral,train
dataset/Spiral_HandPD/SpiralPatients/0246-2.jpg,parkinson,handpd,spiral,train
dataset/Spiral_HandPD/SpiralPatients/0246-3.jpg,parkinson,handpd,spiral,train
dataset/Spiral_HandPD/SpiralPatients/0246-4.jpg,parkinson,handpd,spiral,train
dataset/Spiral_HandPD/SpiralPatients/0247-1.jpg,parkinson,handpd,spiral,train
dataset/Spiral_HandPD/SpiralPatients/0247-2.jpg,parkinson,handpd,spiral,train
dataset/Spiral_HandPD/SpiralPatients/0247-3.jpg,parkinson,handpd,spiral,train
dataset/Spiral_HandPD/SpiralPatients/0247-4.jpg,parkinson,handpd,spiral,train
dataset/Spiral_HandPD/SpiralPatients/0253-1.jpg,parkinson,handpd,spiral,train
dataset/Spiral_HandPD/SpiralPatients/0253-2.jpg,parkinson,handpd,spiral,train
dataset/Spiral_HandPD/SpiralPatients/0253-3.jpg,parkinson,handpd,spiral,train
dataset/Spiral_HandPD/SpiralPatients/0253-4.jpg,parkinson,handpd,spiral,train
dataset/Spiral_HandPD/SpiralPatients/0254-1.jpg,parkinson,handpd,spiral,train
dataset/Spiral_HandPD/SpiralPatients/0254-2.jpg,parkinson,handpd,spiral,train
dataset/Spiral_HandPD/SpiralPatients/0254-3.jpg,parkinson,handpd,spiral,train
dataset/Spiral_HandPD/SpiralPatients/0254-4.jpg,parkinson,handpd,spiral,train
dataset/Spiral_HandPD/SpiralPatients/0261-1.jpg,parkinson,handpd,spiral,train
dataset/Spiral_HandPD/SpiralPatients/0261-2.jpg,parkinson,handpd,spiral,train
dataset/Spiral_HandPD/SpiralPatients/0261-3.jpg,parkinson,handpd,spiral,train
dataset/Spiral_HandPD/SpiralPatients/0261-4.jpg,parkinson,handpd,spiral,train
dataset/Spiral_HandPD/SpiralPatients/0268-1.jpg,parkinson,handpd,spiral,train
dataset/Spiral_HandPD/SpiralPatients/0268-2.jpg,parkinson,handpd,spiral,train
dataset/Spiral_HandPD/SpiralPatients/0268-3.jpg,parkinson,handpd,spiral,train
dataset/Spiral_HandPD/SpiralPatients/0268-4.jpg,parkinson,handpd,spiral,train
dataset/Spiral_HandPD/SpiralPatients/0269-1.jpg,parkinson,handpd,spiral,train
dataset/Spiral_HandPD/SpiralPatients/0269-2.jpg,parkinson,handpd,spiral,train
dataset/Spiral_HandPD/SpiralPatients/0269-3.jpg,parkinson,handpd,spiral,train
dataset/Spiral_HandPD/SpiralPatients/0269-4.jpg,parkinson,handpd,spiral,train
dataset/Spiral_HandPD/SpiralPatients/0273-1.jpg,parkinson,handpd,spiral,train
dataset/Spiral_HandPD/SpiralPatients/0273-2.jpg,parkinson,handpd,spiral,train
dataset/Spiral_HandPD/SpiralPatients/0273-3.jpg,parkinson,handpd,spiral,train
dataset/Spiral_HandPD/SpiralPatients/0273-4.jpg,parkinson,handpd,spiral,train
dataset/Spiral_HandPD/SpiralPatients/0274-1.jpg,parkinson,handpd,spiral,train
dataset/Spiral_HandPD/SpiralPatients/0274-2.jpg,parkinson,handpd,spiral,train
dataset/Spiral_HandPD/SpiralPatients/0274-3.jpg,parkinson,handpd,spiral,train
dataset/Spiral_HandPD/SpiralPatients/0274-4.jpg,parkinson,handpd,spiral,train
dataset/Spiral_HandPD/SpiralPatients/0280-1.jpg,parkinson,handpd,spiral,train
dataset/Spiral_HandPD/SpiralPatients/0280-2.jpg,parkinson,handpd,spiral,train
dataset/Spiral_HandPD/SpiralPatients/0280-3.jpg,parkinson,handpd,spiral,train
dataset/Spiral_HandPD/SpiralPatients/0280-4.jpg,parkinson,handpd,spiral,train
dataset/Spiral_HandPD/SpiralPatients/0281-1.jpg,parkinson,handpd,spiral,train
dataset/Spiral_HandPD/SpiralPatients/0281-2.jpg,parkinson,handpd,spiral,train
dataset/Spiral_HandPD/SpiralPatients/0281-3.jpg,parkinson,handpd,spiral,train
dataset/Spiral_HandPD/SpiralPatients/0281-4.jpg,parkinson,handpd,spiral,train
dataset/Meander_HandPD/MeanderControl/0068-5.jpg,healthy,handpd,meander,train
dataset/Meander_HandPD/MeanderControl/0068-6.jpg,healthy,handpd,meander,train
dataset/Meander_HandPD/MeanderControl/0068-7.jpg,healthy,handpd,meander,train
dataset/Meander_HandPD/MeanderControl/0068-8.jpg,healthy,handpd,meander,train
dataset/Meander_HandPD/MeanderControl/0092-5.jpg,healthy,handpd,meander,train
dataset/Meander_HandPD/MeanderControl/0092-6.jpg,healthy,handpd,meander,train
dataset/Meander_HandPD/MeanderControl/0092-7.jpg,healthy,handpd,meander,train
dataset/Meander_HandPD/MeanderControl/0092-8.jpg,healthy,handpd,meander,train
dataset/Meander_HandPD/MeanderControl/0098-5.jpg,healthy,handpd,meander,train
dataset/Meander_HandPD/MeanderControl/0098-6.jpg,healthy,handpd,meander,train
dataset/Meander_HandPD/MeanderControl/0098-7.jpg,healthy,handpd,meander,train
dataset/Meander_HandPD/MeanderControl/0098-8.jpg,healthy,handpd,meander,train
dataset/Meander_HandPD/MeanderControl/0100-5.jpg,healthy,handpd,meander,train
dataset/Meander_HandPD/MeanderControl/0100-6.jpg,healthy,handpd,meander,train
dataset/Meander_HandPD/MeanderControl/0100-7.jpg,healthy,handpd,meander,train
dataset/Meander_HandPD/MeanderControl/0100-8.jpg,healthy,handpd,meander,train
dataset/Meander_HandPD/MeanderControl/0102-5.jpg,healthy,handpd,meander,train
dataset/Meander_HandPD/MeanderControl/0102-6.jpg,healthy,handpd,meander,train
dataset/Meander_HandPD/MeanderControl/0102-7.jpg,healthy,handpd,meander,train
dataset/Meander_HandPD/MeanderControl/0102-8.jpg,healthy,handpd,meander,train
dataset/Meander_HandPD/MeanderControl/0104-5.jpg,healthy,handpd,meander,train
dataset/Meander_HandPD/MeanderControl/0104-6.jpg,healthy,handpd,meander,train
dataset/Meander_HandPD/MeanderControl/0104-7.jpg,healthy,handpd,meander,train
dataset/Meander_HandPD/MeanderControl/0104-8.jpg,healthy,handpd,meander,train
dataset/Meander_HandPD/MeanderControl/0106-5.jpg,healthy,handpd,meander,train
dataset/Meander_HandPD/MeanderControl/0106-6.jpg,healthy,handpd,meander,train
dataset/Meander_HandPD/MeanderControl/0106-7.jpg,healthy,handpd,meander,train
dataset/Meander_HandPD/MeanderControl/0106-8.jpg,healthy,handpd,meander,train
dataset/Meander_HandPD/MeanderControl/0112-5.jpg,healthy,handpd,meander,train
dataset/Meander_HandPD/MeanderControl/0112-6.jpg,healthy,handpd,meander,train
dataset/Meander_HandPD/MeanderControl/0112-7.jpg,healthy,handpd,meander,train
dataset/Meander_HandPD/MeanderControl/0112-8.jpg,healthy,handpd,meander,train
dataset/Meander_HandPD/MeanderControl/0116-5.jpg,healthy,handpd,meander,train
dataset/Meander_HandPD/MeanderControl/0116-6.jpg,healthy,handpd,meander,train
dataset/Meander_HandPD/MeanderControl/0116-7.jpg,healthy,handpd,meander,train
dataset/Meander_HandPD/MeanderControl/0116-8.jpg,healthy,handpd,meander,train
dataset/Meander_HandPD/MeanderControl/0127-5.jpg,healthy,handpd,meander,train
dataset/Meander_HandPD/MeanderControl/0127-6.jpg,healthy,handpd,meander,train
dataset/Meander_HandPD/MeanderControl/0127-7.jpg,healthy,handpd,meander,train
dataset/Meander_HandPD/MeanderControl/0127-8.jpg,healthy,handpd,meander,train
dataset/Meander_HandPD/MeanderControl/0129-5.jpg,healthy,handpd,meander,train
dataset/Meander_HandPD/MeanderControl/0129-6.jpg,healthy,handpd,meander,train
dataset/Meander_HandPD/MeanderControl/0129-7.jpg,healthy,handpd,meander,train
dataset/Meander_HandPD/MeanderControl/0129-8.jpg,healthy,handpd,meander,train
dataset/Meander_HandPD/MeanderControl/0131-5.jpg,healthy,handpd,meander,train
dataset/Meander_HandPD/MeanderControl/0131-6.jpg,healthy,handpd,meander,train
dataset/Meander_HandPD/MeanderControl/0131-7.jpg,healthy,handpd,meander,train
dataset/Meander_HandPD/MeanderControl/0131-8.jpg,healthy,handpd,meander,train
dataset/Meander_HandPD/MeanderControl/0287-5.jpg,healthy,handpd,meander,train
dataset/Meander_HandPD/MeanderControl/0287-6.jpg,healthy,handpd,meander,train
dataset/Meander_HandPD/MeanderControl/0287-7.jpg,healthy,handpd,meander,train
dataset/Meander_HandPD/MeanderControl/0287-8.jpg,healthy,handpd,meander,train
dataset/Meander_HandPD/MeanderControl/0289-5.jpg,healthy,handpd,meander,train
dataset/Meander_HandPD/MeanderControl/0289-6.jpg,healthy,handpd,meander,train
dataset/Meander_HandPD/MeanderControl/0289-7.jpg,healthy,handpd,meander,train
dataset/Meander_HandPD/MeanderControl/0289-8.jpg,healthy,handpd,meander,train
dataset/Meander_HandPD/MeanderControl/0293-5.jpg,healthy,handpd,meander,train
dataset/Meander_HandPD/MeanderControl/0293-6.jpg,healthy,handpd,meander,train
dataset/Meander_HandPD/MeanderControl/0293-7.jpg,healthy,handpd,meander,train
dataset/Meander_HandPD/MeanderControl/0293-8.jpg,healthy,handpd,meander,train
dataset/Meander_HandPD/MeanderControl/0295-5.jpg,healthy,handpd,meander,train
dataset/Meander_HandPD/MeanderControl/0295-6.jpg,healthy,handpd,meander,train
dataset/Meander_HandPD/MeanderControl/0295-7.jpg,healthy,handpd,meander,train
dataset/Meander_HandPD/MeanderControl/0295-8.jpg,healthy,handpd,meander,train
dataset/Meander_HandPD/MeanderControl/0297-5.jpg,healthy,handpd,meander,train
dataset/Meander_HandPD/MeanderControl/0297-6.jpg,healthy,handpd,meander,train
dataset/Meander_HandPD/MeanderControl/0297-7.jpg,healthy,handpd,meander,train
dataset/Meander_HandPD/MeanderControl/0297-8.jpg,healthy,handpd,meander,train
dataset/Meander_HandPD/MeanderControl/0305-5.jpg,healthy,handpd,meander,train
dataset/Meander_HandPD/MeanderControl/0305-6.jpg,healthy,handpd,meander,train
dataset/Meander_HandPD/MeanderControl/0305-7.jpg,healthy,handpd,meander,train
dataset/Meander_HandPD/MeanderControl/0305-8.jpg,healthy,handpd,meander,train
dataset/Meander_HandPD/MeanderPatients/0002-5.jpg,parkinson,handpd,meander,train
dataset/Meander_HandPD/MeanderPatients/0002-6.jpg,parkinson,handpd,meander,train
dataset/Meander_HandPD/MeanderPatients/0002-7.jpg,parkinson,handpd,meander,train
dataset/Meander_HandPD/MeanderPatients/0002-8.jpg,parkinson,handpd,meander,train
dataset/Meander_HandPD/MeanderPatients/0003-5.jpg,parkinson,handpd,meander,train
dataset/Meander_HandPD/MeanderPatients/0003-6.jpg,parkinson,handpd,meander,train
dataset/Meander_HandPD/MeanderPatients/0003-7.jpg,parkinson,handpd,meander,train
dataset/Meander_HandPD/MeanderPatients/0003-8.jpg,parkinson,handpd,meander,train
dataset/Meander_HandPD/MeanderPatients/0004-5.jpg,parkinson,handpd,meander,train
dataset/Meander_HandPD/MeanderPatients/0004-6.jpg,parkinson,handpd,meander,train
dataset/Meander_HandPD/MeanderPatients/0004-7.jpg,parkinson,handpd,meander,train
dataset/Meander_HandPD/MeanderPatients/0004-8.jpg,parkinson,handpd,meander,train
dataset/Meander_HandPD/MeanderPatients/0005-5.jpg,parkinson,handpd,meander,train
dataset/Meander_HandPD/MeanderPatients/0005-6.jpg,parkinson,handpd,meander,train
dataset/Meander_HandPD/MeanderPatients/0005-7.jpg,parkinson,handpd,meander,train
dataset/Meander_HandPD/MeanderPatients/0005-8.jpg,parkinson,handpd,meander,train
dataset/Meander_HandPD/MeanderPatients/0009-5.jpg,parkinson,handpd,meander,train
dataset/Meander_HandPD/MeanderPatients/0009-6.jpg,parkinson,handpd,meander,train
dataset/Meander_HandPD/MeanderPatients/0009-7.jpg,parkinson,handpd,meander,train
dataset/Meander_HandPD/MeanderPatients/0009-8.jpg,parkinson,handpd,meander,train
dataset/Meander_HandPD/MeanderPatients/0010-5.jpg,parkinson,handpd,meander,train
dataset/Meander_HandPD/MeanderPatients/0010-6.jpg,parkinson,handpd,meander,train
dataset/Meander_HandPD/MeanderPatients/0010-7.jpg,parkinson,handpd,meander,train
dataset/Meander_HandPD/MeanderPatients/0010-8.jpg,parkinson,handpd,meander,train
dataset/Meander_HandPD/MeanderPatients/0016-5.jpg,parkinson,handpd,meander,train
dataset/Meander_HandPD/MeanderPatients/0016-6.jpg,parkinson,handpd,meander,train
dataset/Meander_HandPD/MeanderPatients/0016-7.jpg,parkinson,handpd,meander,train
dataset/Meander_HandPD/MeanderPatients/0016-8.jpg,parkinson,handpd,meander,train
dataset/Meander_HandPD/MeanderPatients/0023-5.jpg,parkinson,handpd,meander,train
dataset/Meander_HandPD/MeanderPatients/0023-6.jpg,parkinson,handpd,meander,train
dataset/Meander_HandPD/MeanderPatients/0023-7.jpg,parkinson,handpd,meander,train
dataset/Meander_HandPD/MeanderPatients/0023-8.jpg,parkinson,handpd,meander,train
dataset/Meander_HandPD/MeanderPatients/0024-5.jpg,parkinson,handpd,meander,train
dataset/Meander_HandPD/MeanderPatients/0024-6.jpg,parkinson,handpd,meander,train
dataset/Meander_HandPD/MeanderPatients/0024-7.jpg,parkinson,handpd,meander,train
dataset/Meander_HandPD/MeanderPatients/0024-8.jpg,parkinson,handpd,meander,train
dataset/Meander_HandPD/MeanderPatients/0030-5.jpg,parkinson,handpd,meander,train
dataset/Meander_HandPD/MeanderPatients/0030-6.jpg,parkinson,handpd,meander,train
dataset/Meander_HandPD/MeanderPatients/0030-7.jpg,parkinson,handpd,meander,train
dataset/Meander_HandPD/MeanderPatients/0030-8.jpg,parkinson,handpd,meander,train
dataset/Meander_HandPD/MeanderPatients/0031-5.jpg,parkinson,handpd,meander,train
dataset/Meander_HandPD/MeanderPatients/0031-6.jpg,parkinson,handpd,meander,train
dataset/Meander_HandPD/MeanderPatients/0031-7.jpg,parkinson,handpd,meander,train
dataset/Meander_HandPD/MeanderPatients/0031-8.jpg,parkinson,handpd,meander,train
dataset/Meander_HandPD/MeanderPatients/0037-5.jpg,parkinson,handpd,meander,train
dataset/Meander_HandPD/MeanderPatients/0037-6.jpg,parkinson,handpd,meander,train
dataset/Meander_HandPD/MeanderPatients/0037-7.jpg,parkinson,handpd,meander,train
dataset/Meander_HandPD/MeanderPatients/0037-8.jpg,parkinson,handpd,meander,train
dataset/Meander_HandPD/MeanderPatients/0038-5.jpg,parkinson,handpd,meander,train
dataset/Meander_HandPD/MeanderPatients/0038-6.jpg,parkinson,handpd,meander,train
dataset/Meander_HandPD/MeanderPatients/0038-7.jpg,parkinson,handpd,meander,train
dataset/Meander_HandPD/MeanderPatients/0038-8.jpg,parkinson,handpd,meander,train
dataset/Meander_HandPD/MeanderPatients/0044-5.jpg,parkinson,handpd,meander,train
dataset/Meander_HandPD/MeanderPatients/0044-6.jpg,parkinson,handpd,meander,train
dataset/Meander_HandPD/MeanderPatients/0044-7.jpg,parkinson,handpd,meander,train
dataset/Meander_HandPD/MeanderPatients/0044-8.jpg,parkinson,handpd,meander,train
dataset/Meander_HandPD/MeanderPatients/0045-5.jpg,parkinson,handpd,meander,train
dataset/Meander_HandPD/MeanderPatients/0045-6.jpg,parkinson,handpd,meander,train
dataset/Meander_HandPD/MeanderPatients/0045-7.jpg,parkinson,handpd,meander,train
dataset/Meander_HandPD/MeanderPatients/0045-8.jpg,parkinson,handpd,meander,train
dataset/Meander_HandPD/MeanderPatients/0046-5.jpg,parkinson,handpd,meander,train
dataset/Meander_HandPD/MeanderPatients/0046-6.jpg,parkinson,handpd,meander,train
dataset/Meander_HandPD/MeanderPatients/0046-7.jpg,parkinson,handpd,meander,train
dataset/Meander_HandPD/MeanderPatients/0046-8.jpg,parkinson,handpd,meander,train
dataset/Meander_HandPD/MeanderPatients/0051-5.jpg,parkinson,handpd,meander,train
dataset/Meander_HandPD/MeanderPatients/0051-6.jpg,parkinson,handpd,meander,train
dataset/Meander_HandPD/MeanderPatients/0051-7.jpg,parkinson,handpd,meander,train
dataset/Meander_HandPD/MeanderPatients/0051-8.jpg,parkinson,handpd,meander,train
dataset/Meander_HandPD/MeanderPatients/0052-5.jpg,parkinson,handpd,meander,train
dataset/Meander_HandPD/MeanderPatients/0052-6.jpg,parkinson,handpd,meander,train
dataset/Meander_HandPD/MeanderPatients/0052-7.jpg,parkinson,handpd,meander,train
dataset/Meander_HandPD/MeanderPatients/0052-8.jpg,parkinson,handpd,meander,train
dataset/Meander_HandPD/MeanderPatients/0053-5.jpg,parkinson,handpd,meander,train
dataset/Meander_HandPD/MeanderPatients/0053-6.jpg,parkinson,handpd,meander,train
dataset/Meander_HandPD/MeanderPatients/0053-7.jpg,parkinson,handpd,meander,train
dataset/Meander_HandPD/MeanderPatients/0053-8.jpg,parkinson,handpd,meander,train
dataset/Meander_HandPD/MeanderPatients/0054-5.jpg,parkinson,handpd,meander,train
dataset/Meander_HandPD/MeanderPatients/0054-6.jpg,parkinson,handpd,meander,train
dataset/Meander_HandPD/MeanderPatients/0054-7.jpg,parkinson,handpd,meander,train
dataset/Meander_HandPD/MeanderPatients/0054-8.jpg,parkinson,handpd,meander,train
dataset/Meander_HandPD/MeanderPatients/0134-5.jpg,parkinson,handpd,meander,train
dataset/Meander_HandPD/MeanderPatients/0134-6.jpg,parkinson,handpd,meander,train
dataset/Meander_HandPD/MeanderPatients/0134-7.jpg,parkinson,handpd,meander,train
dataset/Meander_HandPD/MeanderPatients/0134-8.jpg,parkinson,handpd,meander,train
dataset/Meander_HandPD/MeanderPatients/0136-5.jpg,parkinson,handpd,meander,train
dataset/Meander_HandPD/MeanderPatients/0136-6.jpg,parkinson,handpd,meander,train
dataset/Meander_HandPD/MeanderPatients/0136-7.jpg,parkinson,handpd,meander,train
dataset/Meander_HandPD/MeanderPatients/0136-8.jpg,parkinson,handpd,meander,train
dataset/Meander_HandPD/MeanderPatients/0138-5.jpg,parkinson,handpd,meander,train
dataset/Meander_HandPD/MeanderPatients/0138-6.jpg,parkinson,handpd,meander,train
dataset/Meander_HandPD/MeanderPatients/0138-7.jpg,parkinson,handpd,meander,train
dataset/Meander_HandPD/MeanderPatients/0138-8.jpg,parkinson,handpd,meander,train
dataset/Meander_HandPD/MeanderPatients/0139-5.jpg,parkinson,handpd,meander,train
dataset/Meander_HandPD/MeanderPatients/0139-6.jpg,parkinson,handpd,meander,train
dataset/Meander_HandPD/MeanderPatients/0139-7.jpg,parkinson,handpd,meander,train
dataset/Meander_HandPD/MeanderPatients/0139-8.jpg,parkinson,handpd,meander,train
dataset/Meander_HandPD/MeanderPatients/0143-5.jpg,parkinson,handpd,meander,train
dataset/Meander_HandPD/MeanderPatients/0143-6.jpg,parkinson,handpd,meander,train
dataset/Meander_HandPD/MeanderPatients/0143-7.jpg,parkinson,handpd,meander,train
dataset/Meander_HandPD/MeanderPatients/0143-8.jpg,parkinson,handpd,meander,train
dataset/Meander_HandPD/MeanderPatients/0148-5.jpg,parkinson,handpd,meander,train
dataset/Meander_HandPD/MeanderPatients/0148-6.jpg,parkinson,handpd,meander,train
dataset/Meander_HandPD/MeanderPatients/0148-7.jpg,parkinson,handpd,meander,train
dataset/Meander_HandPD/MeanderPatients/0148-8.jpg,parkinson,handpd,meander,train
dataset/Meander_HandPD/MeanderPatients/0149-5.jpg,parkinson,handpd,meander,train
dataset/Meander_HandPD/MeanderPatients/0149-6.jpg,parkinson,handpd,meander,train
dataset/Meander_HandPD/MeanderPatients/0149-7.jpg,parkinson,handpd,meander,train
dataset/Meander_HandPD/MeanderPatients/0149-8.jpg,parkinson,handpd,meander,train
dataset/Meander_HandPD/MeanderPatients/0153-5.jpg,parkinson,handpd,meander,train
dataset/Meander_HandPD/MeanderPatients/0153-6.jpg,parkinson,handpd,meander,train
dataset/Meander_HandPD/MeanderPatients/0153-7.jpg,parkinson,handpd,meander,train
dataset/Meander_HandPD/MeanderPatients/0153-8.jpg,parkinson,handpd,meander,train
dataset/Meander_HandPD/MeanderPatients/0157-5.jpg,parkinson,handpd,meander,train
dataset/Meander_HandPD/MeanderPatients/0157-6.jpg,parkinson,handpd,meander,train
dataset/Meander_HandPD/MeanderPatients/0157-7.jpg,parkinson,handpd,meander,train
dataset/Meander_HandPD/MeanderPatients/0157-8.jpg,parkinson,handpd,meander,train
dataset/Meander_HandPD/MeanderPatients/0161-5.jpg,parkinson,handpd,meander,train
dataset/Meander_HandPD/MeanderPatients/0161-6.jpg,parkinson,handpd,meander,train
dataset/Meander_HandPD/MeanderPatients/0161-7.jpg,parkinson,handpd,meander,train
dataset/Meander_HandPD/MeanderPatients/0161-8.jpg,parkinson,handpd,meander,train
dataset/Meander_HandPD/MeanderPatients/0165-5.jpg,parkinson,handpd,meander,train
dataset/Meander_HandPD/MeanderPatients/0165-6.jpg,parkinson,handpd,meander,train
dataset/Meander_HandPD/MeanderPatients/0165-7.jpg,parkinson,handpd,meander,train
dataset/Meander_HandPD/MeanderPatients/0165-8.jpg,parkinson,handpd,meander,train
dataset/Meander_HandPD/MeanderPatients/0166-5.jpg,parkinson,handpd,meander,train
dataset/Meander_HandPD/MeanderPatients/0166-6.jpg,parkinson,handpd,meander,train
dataset/Meander_HandPD/MeanderPatients/0166-7.jpg,parkinson,handpd,meander,train
dataset/Meander_HandPD/MeanderPatients/0166-8.jpg,parkinson,handpd,meander,train
dataset/Meander_HandPD/MeanderPatients/0170-5.jpg,parkinson,handpd,meander,train
dataset/Meander_HandPD/MeanderPatients/0170-6.jpg,parkinson,handpd,meander,train
dataset/Meander_HandPD/MeanderPatients/0170-7.jpg,parkinson,handpd,meander,train
dataset/Meander_HandPD/MeanderPatients/0170-8.jpg,parkinson,handpd,meander,train
dataset/Meander_HandPD/MeanderPatients/0174-5.jpg,parkinson,handpd,meander,train
dataset/Meander_HandPD/MeanderPatients/0174-6.jpg,parkinson,handpd,meander,train
dataset/Meander_HandPD/MeanderPatients/0174-7.jpg,parkinson,handpd,meander,train
dataset/Meander_HandPD/MeanderPatients/0174-8.jpg,parkinson,handpd,meander,train
dataset/Meander_HandPD/MeanderPatients/0176-5.jpg,parkinson,handpd,meander,train
dataset/Meander_HandPD/MeanderPatients/0176-6.jpg,parkinson,handpd,meander,train
dataset/Meander_HandPD/MeanderPatients/0176-7.jpg,parkinson,handpd,meander,train
dataset/Meander_HandPD/MeanderPatients/0176-8.jpg,parkinson,handpd,meander,train
dataset/Meander_HandPD/MeanderPatients/0177-5.jpg,parkinson,handpd,meander,train
dataset/Meander_HandPD/MeanderPatients/0177-6.jpg,parkinson,handpd,meander,train
dataset/Meander_HandPD/MeanderPatients/0177-7.jpg,parkinson,handpd,meander,train
dataset/Meander_HandPD/MeanderPatients/0177-8.jpg,parkinson,handpd,meander,train
dataset/Meander_HandPD/MeanderPatients/0181-5.jpg,parkinson,handpd,meander,train
dataset/Meander_HandPD/MeanderPatients/0181-6.jpg,parkinson,handpd,meander,train
dataset/Meander_HandPD/MeanderPatients/0181-7.jpg,parkinson,handpd,meander,train
dataset/Meander_HandPD/MeanderPatients/0181-8.jpg,parkinson,handpd,meander,train
dataset/Meander_HandPD/MeanderPatients/0182-5.jpg,parkinson,handpd,meander,train
dataset/Meander_HandPD/MeanderPatients/0182-6.jpg,parkinson,handpd,meander,train
dataset/Meander_HandPD/MeanderPatients/0182-7.jpg,parkinson,handpd,meander,train
dataset/Meander_HandPD/MeanderPatients/0182-8.jpg,parkinson,handpd,meander,train
dataset/Meander_HandPD/MeanderPatients/0186-5.jpg,parkinson,handpd,meander,train
dataset/Meander_HandPD/MeanderPatients/0186-6.jpg,parkinson,handpd,meander,train
dataset/Meander_HandPD/MeanderPatients/0186-7.jpg,parkinson,handpd,meander,train
dataset/Meander_HandPD/MeanderPatients/0186-8.jpg,parkinson,handpd,meander,train
dataset/Meander_HandPD/MeanderPatients/0187-5.jpg,parkinson,handpd,meander,train
dataset/Meander_HandPD/MeanderPatients/0187-6.jpg,parkinson,handpd,meander,train
dataset/Meander_HandPD/MeanderPatients/0187-7.jpg,parkinson,handpd,meander,train
dataset/Meander_HandPD/MeanderPatients/0187-8.jpg,parkinson,handpd,meander,train
dataset/Meander_HandPD/MeanderPatients/0188-5.jpg,parkinson,handpd,meander,train
dataset/Meander_HandPD/MeanderPatients/0188-6.jpg,parkinson,handpd,meander,train
dataset/Meander_HandPD/MeanderPatients/0188-7.jpg,parkinson,handpd,meander,train
dataset/Meander_HandPD/MeanderPatients/0188-8.jpg,parkinson,handpd,meander,train
dataset/Meander_HandPD/MeanderPatients/0192-5.jpg,parkinson,handpd,meander,train
dataset/Meander_HandPD/MeanderPatients/0192-6.jpg,parkinson,handpd,meander,train
dataset/Meander_HandPD/MeanderPatients/0192-7.jpg,parkinson,handpd,meander,train
dataset/Meander_HandPD/MeanderPatients/0192-8.jpg,parkinson,handpd,meander,train
dataset/Meander_HandPD/MeanderPatients/0196-5.jpg,parkinson,handpd,meander,train
dataset/Meander_HandPD/MeanderPatients/0196-6.jpg,parkinson,handpd,meander,train
dataset/Meander_HandPD/MeanderPatients/0196-7.jpg,parkinson,handpd,meander,train
dataset/Meander_HandPD/MeanderPatients/0196-8.jpg,parkinson,handpd,meander,train
dataset/Meander_HandPD/MeanderPatients/0197-5.jpg,parkinson,handpd,meander,train
dataset/Meander_HandPD/MeanderPatients/0197-6.jpg,parkinson,handpd,meander,train
dataset/Meander_HandPD/MeanderPatients/0197-7.jpg,parkinson,handpd,meander,train
dataset/Meander_HandPD/MeanderPatients/0197-8.jpg,parkinson,handpd,meander,train
dataset/Meander_HandPD/MeanderPatients/0198-5.jpg,parkinson,handpd,meander,train
dataset/Meander_HandPD/MeanderPatients/0198-6.jpg,parkinson,handpd,meander,train
dataset/Meander_HandPD/MeanderPatients/0198-7.jpg,parkinson,handpd,meander,train
dataset/Meander_HandPD/MeanderPatients/0198-8.jpg,parkinson,handpd,meander,train
dataset/Meander_HandPD/MeanderPatients/0202-5.jpg,parkinson,handpd,meander,train
dataset/Meander_HandPD/MeanderPatients/0202-6.jpg,parkinson,handpd,meander,train
dataset/Meander_HandPD/MeanderPatients/0202-7.jpg,parkinson,handpd,meander,train
dataset/Meander_HandPD/MeanderPatients/0202-8.jpg,parkinson,handpd,meander,train
dataset/Meander_HandPD/MeanderPatients/0203-5.jpg,parkinson,handpd,meander,train
dataset/Meander_HandPD/MeanderPatients/0203-6.jpg,parkinson,handpd,meander,train
dataset/Meander_HandPD/MeanderPatients/0203-7.jpg,parkinson,handpd,meander,train
dataset/Meander_HandPD/MeanderPatients/0203-8.jpg,parkinson,handpd,meander,train
dataset/Meander_HandPD/MeanderPatients/0207-5.jpg,parkinson,handpd,meander,train
dataset/Meander_HandPD/MeanderPatients/0207-6.jpg,parkinson,handpd,meander,train
dataset/Meander_HandPD/MeanderPatients/0207-7.jpg,parkinson,handpd,meander,train
dataset/Meander_HandPD/MeanderPatients/0207-8.jpg,parkinson,handpd,meander,train
dataset/Meander_HandPD/MeanderPatients/0208-5.jpg,parkinson,handpd,meander,train
dataset/Meander_HandPD/MeanderPatients/0208-6.jpg,parkinson,handpd,meander,train
dataset/Meander_HandPD/MeanderPatients/0208-7.jpg,parkinson,handpd,meander,train
dataset/Meander_HandPD/MeanderPatients/0208-8.jpg,parkinson,handpd,meander,train
dataset/Meander_HandPD/MeanderPatients/0213-5.jpg,parkinson,handpd,meander,train
dataset/Meander_HandPD/MeanderPatients/0213-6.jpg,parkinson,handpd,meander,train
dataset/Meander_HandPD/MeanderPatients/0213-7.jpg,parkinson,handpd,meander,train
dataset/Meander_HandPD/MeanderPatients/0213-8.jpg,parkinson,handpd,meander,train
dataset/Meander_HandPD/MeanderPatients/0214-5.jpg,parkinson,handpd,meander,train
dataset/Meander_HandPD/MeanderPatients/0214-6.jpg,parkinson,handpd,meander,train
dataset/Meander_HandPD/MeanderPatients/0214-7.jpg,parkinson,handpd,meander,train
dataset/Meander_HandPD/MeanderPatients/0214-8.jpg,parkinson,handpd,meander,train
dataset/Meander_HandPD/MeanderPatients/0218-5.jpg,parkinson,handpd,meander,train
dataset/Meander_HandPD/MeanderPatients/0218-6.jpg,parkinson,handpd,meander,train
dataset/Meander_HandPD/MeanderPatients/0218-7.jpg,parkinson,handpd,meander,train
dataset/Meander_HandPD/MeanderPatients/0218-8.jpg,parkinson,handpd,meander,train
dataset/Meander_HandPD/MeanderPatients/0219-5.jpg,parkinson,handpd,meander,train
dataset/Meander_HandPD/MeanderPatients/0219-6.jpg,parkinson,handpd,meander,train
dataset/Meander_HandPD/MeanderPatients/0219-7.jpg,parkinson,handpd,meander,train
dataset/Meander_HandPD/MeanderPatients/0219-8.jpg,parkinson,handpd,meander,train
dataset/Meander_HandPD/MeanderPatients/0223-5.jpg,parkinson,handpd,meander,train
dataset/Meander_HandPD/MeanderPatients/0223-6.jpg,parkinson,handpd,meander,train
dataset/Meander_HandPD/MeanderPatients/0223-7.jpg,parkinson,handpd,meander,train
dataset/Meander_HandPD/MeanderPatients/0223-8.jpg,parkinson,handpd,meander,train
dataset/Meander_HandPD/MeanderPatients/0228-5.jpg,parkinson,handpd,meander,train
dataset/Meander_HandPD/MeanderPatients/0228-6.jpg,parkinson,handpd,meander,train
dataset/Meander_HandPD/MeanderPatients/0228-7.jpg,parkinson,handpd,meander,train
dataset/Meander_HandPD/MeanderPatients/0228-8.jpg,parkinson,handpd,meander,train
dataset/Meander_HandPD/MeanderPatients/0229-5.jpg,parkinson,handpd,meander,train
dataset/Meander_HandPD/MeanderPatients/0229-6.jpg,parkinson,handpd,meander,train
dataset/Meander_HandPD/MeanderPatients/0229-7.jpg,parkinson,handpd,meander,train
dataset/Meander_HandPD/MeanderPatients/0229-8.jpg,parkinson,handpd,meander,train
dataset/Meander_HandPD/MeanderPatients/0230-5.jpg,parkinson,handpd,meander,train
dataset/Meander_HandPD/MeanderPatients/0230-6.jpg,parkinson,handpd,meander,train
dataset/Meander_HandPD/MeanderPatients/0230-7.jpg,parkinson,handpd,meander,train
dataset/Meander_HandPD/MeanderPatients/0230-8.jpg,parkinson,handpd,meander,train
dataset/Meander_HandPD/MeanderPatients/0234-5.jpg,parkinson,handpd,meander,train
dataset/Meander_HandPD/MeanderPatients/0234-6.jpg,parkinson,handpd,meander,train
dataset/Meander_HandPD/MeanderPatients/0234-7.jpg,parkinson,handpd,meander,train
dataset/Meander_HandPD/MeanderPatients/0234-8.jpg,parkinson,handpd,meander,train
dataset/Meander_HandPD/MeanderPatients/0235-5.jpg,parkinson,handpd,meander,train
dataset/Meander_HandPD/MeanderPatients/0235-6.jpg,parkinson,handpd,meander,train
dataset/Meander_HandPD/MeanderPatients/0235-7.jpg,parkinson,handpd,meander,train
dataset/Meander_HandPD/MeanderPatients/0235-8.jpg,parkinson,handpd,meander,train
dataset/Meander_HandPD/MeanderPatients/0236-5.jpg,parkinson,handpd,meander,train
dataset/Meander_HandPD/MeanderPatients/0236-6.jpg,parkinson,handpd,meander,train
dataset/Meander_HandPD/MeanderPatients/0236-7.jpg,parkinson,handpd,meander,train
dataset/Meander_HandPD/MeanderPatients/0236-8.jpg,parkinson,handpd,meander,train
dataset/Meander_HandPD/MeanderPatients/0240-5.jpg,parkinson,handpd,meander,train
dataset/Meander_HandPD/MeanderPatients/0240-6.jpg,parkinson,handpd,meander,train
dataset/Meander_HandPD/MeanderPatients/0240-7.jpg,parkinson,handpd,meander,train
dataset/Meander_HandPD/MeanderPatients/0240-8.jpg,parkinson,handpd,meander,train
dataset/Meander_HandPD/MeanderPatients/0241-5.jpg,parkinson,handpd,meander,train
dataset/Meander_HandPD/MeanderPatients/0241-6.jpg,parkinson,handpd,meander,train
dataset/Meander_HandPD/MeanderPatients/0241-7.jpg,parkinson,handpd,meander,train
dataset/Meander_HandPD/MeanderPatients/0241-8.jpg,parkinson,handpd,meander,train
dataset/Meander_HandPD/MeanderPatients/0242-5.jpg,parkinson,handpd,meander,train
dataset/Meander_HandPD/MeanderPatients/0242-6.jpg,parkinson,handpd,meander,train
dataset/Meander_HandPD/MeanderPatients/0242-7.jpg,parkinson,handpd,meander,train
dataset/Meander_HandPD/MeanderPatients/0242-8.jpg,parkinson,handpd,meander,train
dataset/Meander_HandPD/MeanderPatients/0246-5.jpg,parkinson,handpd,meander,train
dataset/Meander_HandPD/MeanderPatients/0246-6.jpg,parkinson,handpd,meander,train
dataset/Meander_HandPD/MeanderPatients/0246-7.jpg,parkinson,handpd,meander,train
dataset/Meander_HandPD/MeanderPatients/0246-8.jpg,parkinson,handpd,meander,train
dataset/Meander_HandPD/MeanderPatients/0247-5.jpg,parkinson,handpd,meander,train
dataset/Meander_HandPD/MeanderPatients/0247-6.jpg,parkinson,handpd,meander,train
dataset/Meander_HandPD/MeanderPatients/0247-7.jpg,parkinson,handpd,meander,train
dataset/Meander_HandPD/MeanderPatients/0247-8.jpg,parkinson,handpd,meander,train
dataset/Meander_HandPD/MeanderPatients/0253-5.jpg,parkinson,handpd,meander,train
dataset/Meander_HandPD/MeanderPatients/0253-6.jpg,parkinson,handpd,meander,train
dataset/Meander_HandPD/MeanderPatients/0253-7.jpg,parkinson,handpd,meander,train
dataset/Meander_HandPD/MeanderPatients/0253-8.jpg,parkinson,handpd,meander,train
dataset/Meander_HandPD/MeanderPatients/0254-5.jpg,parkinson,handpd,meander,train
dataset/Meander_HandPD/MeanderPatients/0254-6.jpg,parkinson,handpd,meander,train
dataset/Meander_HandPD/MeanderPatients/0254-7.jpg,parkinson,handpd,meander,train
dataset/Meander_HandPD/MeanderPatients/0254-8.jpg,parkinson,handpd,meander,train
dataset/Meander_HandPD/MeanderPatients/0261-5.jpg,parkinson,handpd,meander,train
dataset/Meander_HandPD/MeanderPatients/0261-6.jpg,parkinson,handpd,meander,train
dataset/Meander_HandPD/MeanderPatients/0261-7.jpg,parkinson,handpd,meander,train
dataset/Meander_HandPD/MeanderPatients/0261-8.jpg,parkinson,handpd,meander,train
dataset/Meander_HandPD/MeanderPatients/0268-5.jpg,parkinson,handpd,meander,train
dataset/Meander_HandPD/MeanderPatients/0268-6.jpg,parkinson,handpd,meander,train
dataset/Meander_HandPD/MeanderPatients/0268-7.jpg,parkinson,handpd,meander,train
dataset/Meander_HandPD/MeanderPatients/0268-8.jpg,parkinson,handpd,meander,train
dataset/Meander_HandPD/MeanderPatients/0269-5.jpg,parkinson,handpd,meander,train
dataset/Meander_HandPD/MeanderPatients/0269-6.jpg,parkinson,handpd,meander,train
dataset/Meander_HandPD/MeanderPatients/0269-7.jpg,parkinson,handpd,meander,train
dataset/Meander_HandPD/MeanderPatients/0269-8.jpg,parkinson,handpd,meander,train
dataset/Meander_HandPD/MeanderPatients/0273-5.jpg,parkinson,handpd,meander,train
dataset/Meander_HandPD/MeanderPatients/0273-6.jpg,parkinson,handpd,meander,train
dataset/Meander_HandPD/MeanderPatients/0273-7.jpg,parkinson,handpd,meander,train
dataset/Meander_HandPD/MeanderPatients/0273-8.jpg,parkinson,handpd,meander,train
dataset/Meander_HandPD/MeanderPatients/0274-5.jpg,parkinson,handpd,meander,train
dataset/Meander_HandPD/MeanderPatients/0274-6.jpg,parkinson,handpd,meander,train
dataset/Meander_HandPD/MeanderPatients/0274-7.jpg,parkinson,handpd,meander,train
dataset/Meander_HandPD/MeanderPatients/0274-8.jpg,parkinson,handpd,meander,train
dataset/Meander_HandPD/MeanderPatients/0280-5.jpg,parkinson,handpd,meander,train
dataset/Meander_HandPD/MeanderPatients/0280-6.jpg,parkinson,handpd,meander,train
dataset/Meander_HandPD/MeanderPatients/0280-7.jpg,parkinson,handpd,meander,train
dataset/Meander_HandPD/MeanderPatients/0280-8.jpg,parkinson,handpd,meander,train
dataset/Meander_HandPD/MeanderPatients/0281-5.jpg,parkinson,handpd,meander,train
dataset/Meander_HandPD/MeanderPatients/0281-6.jpg,parkinson,handpd,meander,train
dataset/Meander_HandPD/MeanderPatients/0281-7.jpg,parkinson,handpd,meander,train
dataset/Meander_HandPD/MeanderPatients/0281-8.jpg,parkinson,handpd,meander,train
